packet_id,alias,idea_novelty,mechanistic_originality,tradeoff_reframing,cross_perspective_integration,scientific_correctness,physical_plausibility,constraint_adherence,falsifiability_actionability,full_ihq,ihq_without_cpi,validity_composite_descriptive,flag_fixed_task_constraint_violation,flag_infeasible_primary_process,flag_scientifically_consequential_error,flag_temporal_cutoff_violation
case_01__rep_01,Candidate A,2,2,2,3,3,2,2,2,9,6,9,yes,uncertain,no,no
case_01__rep_01,Candidate B,3,3,3,1,4,3,4,2,10,9,13,no,no,no,no
case_01__rep_01,Candidate C,3,3,3,1,4,3,4,2,10,9,13,no,no,no,no
case_01__rep_01,Candidate D,3,3,4,4,3,3,2,3,14,10,11,yes,no,no,no
case_01__rep_01,Candidate E,3,4,3,1,4,3,4,2,11,10,13,no,no,no,no
case_01__rep_02,Candidate A,3,3,3,1,4,3,4,2,10,9,13,no,no,no,no
case_01__rep_02,Candidate B,2,2,2,1,4,3,4,2,7,6,13,no,no,no,no
case_01__rep_02,Candidate C,3,3,3,3,3,3,2,2,12,9,10,yes,no,no,no
case_01__rep_02,Candidate D,3,3,3,1,4,4,4,3,10,9,15,no,no,no,no
case_01__rep_02,Candidate E,4,4,4,4,3,3,4,3,16,12,13,no,no,uncertain,no
case_01__rep_03,Candidate A,3,3,3,2,4,4,5,4,11,9,17,no,no,no,no
case_01__rep_03,Candidate B,3,3,3,2,3,3,2,2,11,9,10,yes,no,no,no
case_01__rep_03,Candidate C,3,3,3,1,4,4,5,3,10,9,16,no,no,no,no
case_01__rep_03,Candidate D,3,3,4,3,3,3,4,3,13,10,13,no,no,no,no
case_01__rep_03,Candidate E,3,3,3,1,4,4,5,2,10,9,15,no,no,no,no
case_02__rep_01,Candidate A,2,2,2,3,3,3,4,1,9,6,11,no,no,no,no
case_02__rep_01,Candidate B,2,3,3,1,3,3,4,2,9,8,12,no,no,no,no
case_02__rep_01,Candidate C,3,3,3,4,3,3,4,1,13,9,11,no,no,no,no
case_02__rep_01,Candidate D,3,3,3,1,3,4,4,2,10,9,13,no,no,no,no
case_02__rep_01,Candidate E,3,3,4,1,3,3,3,1,11,10,10,no,no,no,no
case_02__rep_02,Candidate A,2,2,2,0,3,3,3,2,6,6,11,no,no,no,no
case_02__rep_02,Candidate B,2,1,2,2,3,3,4,1,7,5,11,no,no,no,no
case_02__rep_02,Candidate C,2,2,2,0,3,3,3,2,6,6,11,no,no,no,no
case_02__rep_02,Candidate D,3,3,3,0,3,3,4,2,9,9,12,no,no,no,no
case_02__rep_02,Candidate E,2,2,3,2,3,3,4,2,9,7,12,no,no,no,no
case_02__rep_03,Candidate A,2,2,3,3,3,3,4,2,10,7,12,no,no,no,no
case_02__rep_03,Candidate B,3,3,3,1,4,4,4,4,10,9,16,no,no,no,no
case_02__rep_03,Candidate C,2,2,2,0,3,3,4,2,6,6,12,no,no,no,no
case_02__rep_03,Candidate D,3,3,3,4,3,3,4,2,13,9,12,no,no,no,uncertain
case_02__rep_03,Candidate E,2,3,2,0,3,3,4,2,7,7,12,no,no,no,no
case_03__rep_01,Candidate A,2,3,2,1,3,3,4,2,8,7,12,no,no,no,no
case_03__rep_01,Candidate B,3,3,3,2,3,3,4,2,11,9,12,no,no,no,no
case_03__rep_01,Candidate C,3,3,3,4,3,3,4,2,13,9,12,no,no,no,no
case_03__rep_01,Candidate D,2,2,2,1,3,3,4,2,7,6,12,no,no,no,no
case_03__rep_01,Candidate E,3,3,3,4,3,3,4,2,13,9,12,no,no,no,no
case_03__rep_02,Candidate A,2,3,3,0,4,4,4,3,8,8,15,no,no,no,no
case_03__rep_02,Candidate B,2,2,2,3,3,3,3,2,9,6,11,no,no,no,no
case_03__rep_02,Candidate C,1,1,1,0,3,3,3,1,3,3,10,no,no,no,no
case_03__rep_02,Candidate D,2,2,3,4,4,4,4,2,11,7,14,no,no,no,no
case_03__rep_02,Candidate E,2,2,2,0,4,4,4,2,6,6,14,no,no,no,no
case_03__rep_03,Candidate A,2,2,2,3,3,3,4,2,9,6,12,no,no,no,no
case_03__rep_03,Candidate B,2,2,2,1,3,3,4,1,7,6,11,no,no,no,no
case_03__rep_03,Candidate C,3,3,3,4,3,2,4,1,13,9,10,no,no,no,no
case_03__rep_03,Candidate D,2,3,2,0,4,4,4,2,7,7,14,no,no,no,no
case_03__rep_03,Candidate E,2,3,2,0,4,4,4,4,7,7,16,no,no,no,no
case_04__rep_01,Candidate A,2,2,2,1,3,3,4,2,7,6,12,no,no,no,no
case_04__rep_01,Candidate B,3,3,3,4,3,3,2,2,13,9,10,yes,no,uncertain,no
case_04__rep_01,Candidate C,2,2,2,1,3,3,4,2,7,6,12,no,no,no,no
case_04__rep_01,Candidate D,2,2,2,2,3,3,4,2,8,6,12,no,no,no,no
case_04__rep_01,Candidate E,3,3,3,4,3,3,3,2,13,9,11,uncertain,no,no,no
case_04__rep_02,Candidate A,3,3,3,4,3,3,4,2,13,9,12,no,no,no,no
case_04__rep_02,Candidate B,2,3,2,1,3,4,4,2,8,7,13,no,no,no,no
case_04__rep_02,Candidate C,3,4,3,1,4,4,5,3,11,10,16,no,no,no,no
case_04__rep_02,Candidate D,3,3,3,4,3,3,4,2,13,9,12,no,no,no,no
case_04__rep_02,Candidate E,2,3,2,1,3,3,3,2,8,7,11,no,no,no,no
case_04__rep_03,Candidate A,2,3,2,1,3,3,3,2,8,7,11,no,no,no,no
case_04__rep_03,Candidate B,2,2,3,0,3,3,4,2,7,7,12,no,no,no,no
case_04__rep_03,Candidate C,3,3,3,4,3,3,4,2,13,9,12,no,no,no,no
case_04__rep_03,Candidate D,2,2,2,1,3,3,3,1,7,6,10,no,no,no,no
case_04__rep_03,Candidate E,3,3,3,4,2,2,2,1,13,9,7,yes,no,uncertain,no
case_08__rep_01,Candidate A,2,2,2,2,4,4,4,4,8,6,16,no,no,no,no
case_08__rep_01,Candidate B,3,3,3,4,3,3,4,2,13,9,12,no,uncertain,no,no
case_08__rep_01,Candidate C,2,2,2,1,4,3,4,2,7,6,13,no,no,no,no
case_08__rep_01,Candidate D,3,3,3,4,3,3,4,2,13,9,12,no,no,no,no
case_08__rep_01,Candidate E,2,2,2,1,4,4,4,2,7,6,14,no,no,no,no
case_08__rep_02,Candidate A,1,1,1,2,3,3,3,2,5,3,11,no,no,no,no
case_08__rep_02,Candidate B,2,2,3,1,4,4,4,3,8,7,15,no,no,no,no
case_08__rep_02,Candidate C,3,3,3,4,3,2,4,2,13,9,11,no,no,no,no
case_08__rep_02,Candidate D,2,2,2,2,4,4,4,2,8,6,14,no,no,no,no
case_08__rep_02,Candidate E,4,4,4,2,4,3,4,4,14,12,15,no,no,no,no
case_08__rep_03,Candidate A,2,2,2,1,4,3,4,2,7,6,13,no,no,no,no
case_08__rep_03,Candidate B,3,3,3,4,3,3,4,2,13,9,12,no,no,uncertain,no
case_08__rep_03,Candidate C,2,2,2,1,4,3,4,1,7,6,12,no,no,no,no
case_08__rep_03,Candidate D,3,3,3,1,4,4,4,4,10,9,16,no,no,no,no
case_08__rep_03,Candidate E,3,3,3,4,4,3,4,2,13,9,13,no,no,no,no
case_15__rep_01,Candidate A,2,2,2,3,3,3,4,2,9,6,12,no,no,no,no
case_15__rep_01,Candidate B,1,2,1,0,3,4,4,2,4,4,13,no,no,no,no
case_15__rep_01,Candidate C,2,2,3,2,3,4,4,4,9,7,15,no,no,no,no
case_15__rep_01,Candidate D,3,3,3,3,3,3,4,3,12,9,13,no,no,no,uncertain
case_15__rep_01,Candidate E,1,2,1,0,3,4,4,1,4,4,12,no,no,no,no
case_15__rep_02,Candidate A,2,3,2,0,4,4,4,2,7,7,14,no,no,no,no
case_15__rep_02,Candidate B,2,2,3,2,3,4,4,3,9,7,14,no,no,no,no
case_15__rep_02,Candidate C,3,3,3,4,3,3,3,2,13,9,11,no,no,no,uncertain
case_15__rep_02,Candidate D,2,3,2,0,4,4,4,2,7,7,14,no,no,no,no
case_15__rep_02,Candidate E,3,3,3,4,3,3,3,2,13,9,11,no,no,no,uncertain
case_15__rep_03,Candidate A,2,2,2,0,4,4,4,2,6,6,14,no,no,no,no
case_15__rep_03,Candidate B,3,3,3,3,3,3,4,3,12,9,13,no,no,no,uncertain
case_15__rep_03,Candidate C,1,2,1,0,4,4,4,1,4,4,13,no,no,no,no
case_15__rep_03,Candidate D,4,4,4,4,3,3,3,2,16,12,11,uncertain,no,no,no
case_15__rep_03,Candidate E,1,2,1,0,3,4,4,2,4,4,13,no,no,no,no
case_18__rep_01,Candidate A,2,2,2,3,3,3,3,1,9,6,10,uncertain,no,no,no
case_18__rep_01,Candidate B,2,2,2,1,4,3,4,2,7,6,13,no,no,no,no
case_18__rep_01,Candidate C,3,3,3,4,3,3,3,2,13,9,11,uncertain,no,no,no
case_18__rep_01,Candidate D,2,2,2,0,4,4,4,2,6,6,14,no,no,no,no
case_18__rep_01,Candidate E,3,3,4,4,3,2,4,1,14,10,10,no,no,no,no
case_18__rep_02,Candidate A,2,2,2,1,4,3,4,2,7,6,13,no,no,no,no
case_18__rep_02,Candidate B,3,3,3,3,3,3,4,1,12,9,11,no,no,no,no
case_18__rep_02,Candidate C,2,2,2,1,4,4,5,2,7,6,15,no,no,no,no
case_18__rep_02,Candidate D,4,4,4,2,4,4,5,4,14,12,17,no,no,no,no
case_18__rep_02,Candidate E,4,3,3,4,3,3,4,1,14,10,11,no,no,no,uncertain
case_18__rep_03,Candidate A,3,3,3,4,3,3,3,2,13,9,11,uncertain,no,no,no
case_18__rep_03,Candidate B,3,3,3,1,3,3,4,2,10,9,12,no,no,no,no
case_18__rep_03,Candidate C,2,2,2,0,3,3,4,2,6,6,12,no,no,no,no
case_18__rep_03,Candidate D,3,3,3,4,3,3,3,2,13,9,11,uncertain,no,no,no
case_18__rep_03,Candidate E,2,2,2,1,3,3,4,2,7,6,12,no,no,no,no
case_22__rep_01,Candidate A,2,2,2,0,3,3,3,2,6,6,11,no,no,no,no
case_22__rep_01,Candidate B,3,3,3,2,3,3,3,2,11,9,11,no,no,no,no
case_22__rep_01,Candidate C,2,2,2,3,3,3,4,2,9,6,12,no,no,no,no
case_22__rep_01,Candidate D,2,2,2,0,3,3,3,2,6,6,11,no,no,no,no
case_22__rep_01,Candidate E,3,3,3,3,3,3,4,2,12,9,12,no,no,no,no
case_22__rep_02,Candidate A,3,3,3,0,3,3,4,2,9,9,12,no,uncertain,no,no
case_22__rep_02,Candidate B,3,3,3,4,3,3,2,2,13,9,10,yes,no,no,no
case_22__rep_02,Candidate C,2,2,2,0,3,3,4,2,6,6,12,no,no,no,no
case_22__rep_02,Candidate D,2,2,3,3,3,3,1,2,10,7,9,yes,no,no,no
case_22__rep_02,Candidate E,3,3,2,0,3,3,3,2,8,8,11,uncertain,no,no,no
case_22__rep_03,Candidate A,3,3,3,3,3,3,4,2,12,9,12,no,no,no,no
case_22__rep_03,Candidate B,2,2,1,1,3,2,3,1,6,5,9,no,uncertain,no,no
case_22__rep_03,Candidate C,4,3,2,2,3,3,3,1,11,9,10,yes,no,uncertain,no
case_22__rep_03,Candidate D,2,2,2,1,4,4,4,2,7,6,14,no,no,no,no
case_22__rep_03,Candidate E,3,3,4,4,3,2,4,2,14,10,11,no,uncertain,no,no
case_29__rep_01,Candidate A,2,2,1,1,4,4,4,3,6,5,15,no,no,no,no
case_29__rep_01,Candidate B,4,3,4,4,4,3,4,4,15,11,15,no,no,no,no
case_29__rep_01,Candidate C,2,2,1,1,4,4,4,3,6,5,15,no,no,no,no
case_29__rep_01,Candidate D,2,2,2,1,4,4,4,4,7,6,16,no,no,no,no
case_29__rep_01,Candidate E,3,2,3,4,4,3,4,3,12,8,14,no,no,no,no
case_29__rep_02,Candidate A,3,2,3,4,4,4,4,3,12,8,15,no,no,no,no
case_29__rep_02,Candidate B,2,2,1,1,4,4,4,3,6,5,15,no,no,no,no
case_29__rep_02,Candidate C,2,3,2,1,4,4,4,4,8,7,16,no,no,no,no
case_29__rep_02,Candidate D,3,3,3,4,4,4,4,4,13,9,16,no,no,no,no
case_29__rep_02,Candidate E,3,3,2,1,4,3,4,3,9,8,14,no,no,no,no
case_29__rep_03,Candidate A,2,2,1,0,4,4,4,3,5,5,15,no,no,no,no
case_29__rep_03,Candidate B,2,3,2,0,4,4,4,4,7,7,16,no,no,no,no
case_29__rep_03,Candidate C,4,3,4,4,3,3,4,3,15,11,13,no,no,no,no
case_29__rep_03,Candidate D,3,3,2,0,4,4,4,3,8,8,15,no,no,no,no
case_29__rep_03,Candidate E,4,3,4,4,3,3,4,4,15,11,14,no,no,no,no
case_30__rep_01,Candidate A,3,3,3,0,4,4,4,2,9,9,14,no,no,no,no
case_30__rep_01,Candidate B,3,2,3,4,3,3,4,2,12,8,12,no,no,no,no
case_30__rep_01,Candidate C,2,2,2,0,4,4,4,2,6,6,14,no,no,no,no
case_30__rep_01,Candidate D,3,3,4,4,3,3,4,2,14,10,12,no,no,no,no
case_30__rep_01,Candidate E,2,2,2,0,4,4,4,3,6,6,15,no,no,no,no
case_30__rep_02,Candidate A,3,2,3,3,3,3,4,2,11,8,12,no,no,no,no
case_30__rep_02,Candidate B,2,2,2,1,4,3,4,2,7,6,13,no,no,no,no
case_30__rep_02,Candidate C,4,3,4,4,3,3,4,4,15,11,14,uncertain,no,no,no
case_30__rep_02,Candidate D,3,3,3,1,4,4,4,2,10,9,14,no,no,no,no
case_30__rep_02,Candidate E,2,2,3,0,4,4,4,3,7,7,15,no,no,no,no
case_30__rep_03,Candidate A,2,3,2,1,4,4,4,2,8,7,14,no,no,no,no
case_30__rep_03,Candidate B,3,3,3,4,4,4,4,3,13,9,15,no,no,no,no
case_30__rep_03,Candidate C,2,3,2,1,4,4,4,2,8,7,14,no,no,no,no
case_30__rep_03,Candidate D,4,4,4,1,3,4,4,3,13,12,14,no,no,uncertain,no
case_30__rep_03,Candidate E,4,3,4,4,4,4,5,3,15,11,16,no,no,no,no
