case_id,case_name,pool_a_characters,pool_b_characters,combined_characters,pool_a_records,pool_b_records,eligible,pool_a_sha256,pool_b_sha256,eligible_rank
29,a-MnO2(29),842082,951494,1793576,500,500,True,1365eb506c39243fa3396c78353aeeda0aaf8fdb6dbc9813efaf02f325325374,612aa1d5f6ca048fcac07c803b27620fe37b9b360a62ccba71e7f562ca698a02,1
1,Glitter-Cake(1),833476,918406,1751882,500,500,True,4949b1539a410e4ca9ca091e952371616f1bcf6b4b7d690fa3d3645044b54cf0,fe99d9cb98d92fd85b4c5ee89f597235e6544a7dc67b1812f2c4e6966b16e78f,2
30,metal selenide(30),914543,738103,1652646,500,500,True,34303e9a5e30b5e86b734596c796a48203a30b8b554354d37c3885beb409e778,8d43ac70576df57f2621ea635b446aa884a942e4481ac0ce3c2b1556f3a68cb6,3
2,"Mo,Ni sulfide(2)",832095,792723,1624818,500,500,True,2f04706a954d7ea8f656216e8e49290a9e73fce5744395748526058295e87512,769fa18ad0a1d31208372d95d23ff55d8c40b306bf2ad0c1d2b10e65f0a7fc0d,4
15,Li-Se(15),769947,843524,1613471,500,500,True,21b588f577d3fa186c437abc7ff3e199bf1892cd33811ce86f6d63e27ccc9f19,7c8c789fb55d87e8f67fde8720cecc9957d315ab3f4d9200a95dd9a347aef34e,5
4,V2O3(4),792652,797239,1589891,500,500,True,716bdbaa01edd92ebac850b7a111971fc95fdd59f49d5172fd98dcf3d2e97344,2b104fb17d24de1ab52725d9404b7dcf18f31f7d603f9b02d9383b375c2600e5,6
18,HC PIB(18),901734,674430,1576164,500,500,True,12d2a7c33abfdc793bc7eecab2e886622572a983d18893099972370d7a45b89a,70dcc1931a126f9ec6dab8d1e6ce6249496175112a5cf7a6c407dfaf70be35cb,7
22,NiO(22),767700,630900,1398600,500,500,True,52074094f1c4581f7572fd82321bb9d0304d8af3bcf21596fb41078853a54ebb,7a3c8f0ae7edfa303d7b463a41f26cf9664d6b1a8bc57c253fb2e926bb656b0e,8
3,NiMoO4(3),663100,805087,1468187,334,500,False,84ea4026ff7db66168883f0716c24432e2c1209f539824ee7cb9ab23056b4b2d,b13e67c25846b177bd89f34a7e585c1598601b0ce09b334c769cc4463b694365,
8,PBA(8),240031,677741,917772,127,500,False,d71eda444b03a50363e212b4b373283aa33ead608ef8dcf16097de7513818f01,f8a7e929b287725b217f4673822c3597622eeda49eac39580f01cce05b801018,
