case_id,condition,replicates,evidence_support,citation_traceability,strict_supported_rate,supported_or_partial_rate,unsupported_or_contradicted_rate,unverifiable_rate
1,ds,3,2.6666666666666665,3.0,0.5333333333333333,0.9333333333333333,0.0,0.06666666666666667
1,mpds,3,2.6666666666666665,2.3333333333333335,0.6333333333333333,1.0,0.0,0.0
1,sair,3,3.0,2.0,0.5,1.0,0.0,0.0
1,ses,3,3.0,2.3333333333333335,0.6,1.0,0.0,0.0
2,ds,3,2.3333333333333335,2.3333333333333335,0.3,0.8666666666666667,0.06666666666666667,0.06666666666666667
2,mpds,3,2.0,2.3333333333333335,0.13333333333333333,0.8,0.13333333333333333,0.06666666666666667
2,sair,3,1.6666666666666667,1.6666666666666667,0.16666666666666666,0.8666666666666667,0.13333333333333333,0.0
2,ses,3,2.3333333333333335,2.3333333333333335,0.3333333333333333,0.9333333333333333,0.06666666666666667,0.0
3,ds,3,1.6666666666666667,1.6666666666666667,0.08888888888888889,0.7555555555555555,0.18888888888888888,0.05555555555555555
3,mpds,3,1.6666666666666667,1.6666666666666667,0.26666666666666666,0.8666666666666667,0.13333333333333333,0.0
3,sair,3,0.6666666666666666,0.3333333333333333,0.08888888888888889,0.7555555555555555,0.18888888888888888,0.05555555555555555
3,ses,3,2.0,2.0,0.3333333333333333,0.8666666666666667,0.13333333333333333,0.0
4,ds,3,2.0,2.3333333333333335,0.19999999999999998,0.5333333333333333,0.4666666666666667,0.0
4,mpds,3,2.3333333333333335,2.0,0.3,0.8333333333333334,0.1,0.06666666666666667
4,sair,3,2.6666666666666665,2.6666666666666665,0.4666666666666667,1.0,0.0,0.0
4,ses,3,2.3333333333333335,2.3333333333333335,0.3,0.8333333333333334,0.1,0.06666666666666667
8,ds,3,2.6666666666666665,3.3333333333333335,0.4666666666666667,0.9333333333333333,0.0,0.06666666666666667
8,mpds,3,1.0,1.6666666666666667,0.13333333333333333,0.6,0.0,0.4
8,sair,3,2.3333333333333335,2.6666666666666665,0.19999999999999998,0.9333333333333333,0.06666666666666667,0.0
8,ses,3,2.6666666666666665,2.3333333333333335,0.26666666666666666,0.8666666666666667,0.13333333333333333,0.0
15,ds,3,1.0,1.0,0.3,0.6333333333333333,0.09999999999999999,0.26666666666666666
15,mpds,3,1.6666666666666667,1.3333333333333333,0.23333333333333334,0.7000000000000001,0.06666666666666667,0.23333333333333334
15,sair,3,2.6666666666666665,1.6666666666666667,0.1,0.7,0.13333333333333333,0.16666666666666666
15,ses,3,2.6666666666666665,1.6666666666666667,0.3,0.6333333333333333,0.09999999999999999,0.26666666666666666
18,ds,3,1.0,1.0,0.3,0.5,0.3333333333333333,0.16666666666666666
18,mpds,3,2.3333333333333335,2.6666666666666665,0.3666666666666667,0.9666666666666667,0.03333333333333333,0.0
18,sair,3,3.0,2.3333333333333335,0.3666666666666667,0.9666666666666667,0.03333333333333333,0.0
18,ses,3,3.0,3.3333333333333335,0.5,0.8333333333333334,0.0,0.16666666666666666
22,ds,3,0.3333333333333333,0.3333333333333333,0.0,0.33333333333333337,0.33333333333333337,0.3333333333333333
22,mpds,3,2.0,2.3333333333333335,0.26666666666666666,0.9333333333333333,0.06666666666666667,0.0
22,sair,3,2.0,2.0,0.2,0.8666666666666667,0.13333333333333333,0.0
22,ses,3,2.3333333333333335,2.3333333333333335,0.3333333333333333,0.8666666666666667,0.13333333333333333,0.0
29,ds,3,1.3333333333333333,1.0,0.2,0.5666666666666667,0.1,0.3333333333333333
29,mpds,3,2.0,1.3333333333333333,0.4666666666666667,0.7333333333333333,0.2,0.06666666666666667
29,sair,3,2.3333333333333335,1.3333333333333333,0.26666666666666666,0.8333333333333334,0.1,0.06666666666666667
29,ses,3,2.3333333333333335,1.6666666666666667,0.33333333333333337,0.9333333333333333,0.0,0.06666666666666667
30,ds,3,2.6666666666666665,2.3333333333333335,0.39999999999999997,0.9333333333333333,0.06666666666666667,0.0
30,mpds,3,3.3333333333333335,3.0,0.5,0.9333333333333333,0.03333333333333333,0.03333333333333333
30,sair,3,3.3333333333333335,2.6666666666666665,0.6,0.9333333333333333,0.06666666666666667,0.0
30,ses,3,3.0,2.3333333333333335,0.5,0.9333333333333333,0.03333333333333333,0.03333333333333333
