metric,contrast_tier,comparison,case_id,replicates_per_condition,left_condition,right_condition,left_case_mean,right_case_mean,left_minus_right
evidence_support,primary,ds_minus_sair,1,3,ds,sair,2.6666666666666665,3.0,-0.3333333333333335
evidence_support,primary,ds_minus_sair,2,3,ds,sair,2.3333333333333335,1.6666666666666667,0.6666666666666667
evidence_support,primary,ds_minus_sair,3,3,ds,sair,1.6666666666666667,0.6666666666666666,1.0
evidence_support,primary,ds_minus_sair,4,3,ds,sair,2.0,2.6666666666666665,-0.6666666666666665
evidence_support,primary,ds_minus_sair,8,3,ds,sair,2.6666666666666665,2.3333333333333335,0.33333333333333304
evidence_support,primary,ds_minus_sair,15,3,ds,sair,1.0,2.6666666666666665,-1.6666666666666665
evidence_support,primary,ds_minus_sair,18,3,ds,sair,1.0,3.0,-2.0
evidence_support,primary,ds_minus_sair,22,3,ds,sair,0.3333333333333333,2.0,-1.6666666666666667
evidence_support,primary,ds_minus_sair,29,3,ds,sair,1.3333333333333333,2.3333333333333335,-1.0000000000000002
evidence_support,primary,ds_minus_sair,30,3,ds,sair,2.6666666666666665,3.3333333333333335,-0.666666666666667
evidence_support,primary,ds_minus_ses,1,3,ds,ses,2.6666666666666665,3.0,-0.3333333333333335
evidence_support,primary,ds_minus_ses,2,3,ds,ses,2.3333333333333335,2.3333333333333335,0.0
evidence_support,primary,ds_minus_ses,3,3,ds,ses,1.6666666666666667,2.0,-0.33333333333333326
evidence_support,primary,ds_minus_ses,4,3,ds,ses,2.0,2.3333333333333335,-0.3333333333333335
evidence_support,primary,ds_minus_ses,8,3,ds,ses,2.6666666666666665,2.6666666666666665,0.0
evidence_support,primary,ds_minus_ses,15,3,ds,ses,1.0,2.6666666666666665,-1.6666666666666665
evidence_support,primary,ds_minus_ses,18,3,ds,ses,1.0,3.0,-2.0
evidence_support,primary,ds_minus_ses,22,3,ds,ses,0.3333333333333333,2.3333333333333335,-2.0
evidence_support,primary,ds_minus_ses,29,3,ds,ses,1.3333333333333333,2.3333333333333335,-1.0000000000000002
evidence_support,primary,ds_minus_ses,30,3,ds,ses,2.6666666666666665,3.0,-0.3333333333333335
evidence_support,secondary,mpds_minus_ds,1,3,mpds,ds,2.6666666666666665,2.6666666666666665,0.0
evidence_support,secondary,mpds_minus_ds,2,3,mpds,ds,2.0,2.3333333333333335,-0.3333333333333335
evidence_support,secondary,mpds_minus_ds,3,3,mpds,ds,1.6666666666666667,1.6666666666666667,0.0
evidence_support,secondary,mpds_minus_ds,4,3,mpds,ds,2.3333333333333335,2.0,0.3333333333333335
evidence_support,secondary,mpds_minus_ds,8,3,mpds,ds,1.0,2.6666666666666665,-1.6666666666666665
evidence_support,secondary,mpds_minus_ds,15,3,mpds,ds,1.6666666666666667,1.0,0.6666666666666667
evidence_support,secondary,mpds_minus_ds,18,3,mpds,ds,2.3333333333333335,1.0,1.3333333333333335
evidence_support,secondary,mpds_minus_ds,22,3,mpds,ds,2.0,0.3333333333333333,1.6666666666666667
evidence_support,secondary,mpds_minus_ds,29,3,mpds,ds,2.0,1.3333333333333333,0.6666666666666667
evidence_support,secondary,mpds_minus_ds,30,3,mpds,ds,3.3333333333333335,2.6666666666666665,0.666666666666667
evidence_support,secondary,mpds_minus_sair,1,3,mpds,sair,2.6666666666666665,3.0,-0.3333333333333335
evidence_support,secondary,mpds_minus_sair,2,3,mpds,sair,2.0,1.6666666666666667,0.33333333333333326
evidence_support,secondary,mpds_minus_sair,3,3,mpds,sair,1.6666666666666667,0.6666666666666666,1.0
evidence_support,secondary,mpds_minus_sair,4,3,mpds,sair,2.3333333333333335,2.6666666666666665,-0.33333333333333304
evidence_support,secondary,mpds_minus_sair,8,3,mpds,sair,1.0,2.3333333333333335,-1.3333333333333335
evidence_support,secondary,mpds_minus_sair,15,3,mpds,sair,1.6666666666666667,2.6666666666666665,-0.9999999999999998
evidence_support,secondary,mpds_minus_sair,18,3,mpds,sair,2.3333333333333335,3.0,-0.6666666666666665
evidence_support,secondary,mpds_minus_sair,22,3,mpds,sair,2.0,2.0,0.0
evidence_support,secondary,mpds_minus_sair,29,3,mpds,sair,2.0,2.3333333333333335,-0.3333333333333335
evidence_support,secondary,mpds_minus_sair,30,3,mpds,sair,3.3333333333333335,3.3333333333333335,0.0
evidence_support,secondary,mpds_minus_ses,1,3,mpds,ses,2.6666666666666665,3.0,-0.3333333333333335
evidence_support,secondary,mpds_minus_ses,2,3,mpds,ses,2.0,2.3333333333333335,-0.3333333333333335
evidence_support,secondary,mpds_minus_ses,3,3,mpds,ses,1.6666666666666667,2.0,-0.33333333333333326
evidence_support,secondary,mpds_minus_ses,4,3,mpds,ses,2.3333333333333335,2.3333333333333335,0.0
evidence_support,secondary,mpds_minus_ses,8,3,mpds,ses,1.0,2.6666666666666665,-1.6666666666666665
evidence_support,secondary,mpds_minus_ses,15,3,mpds,ses,1.6666666666666667,2.6666666666666665,-0.9999999999999998
evidence_support,secondary,mpds_minus_ses,18,3,mpds,ses,2.3333333333333335,3.0,-0.6666666666666665
evidence_support,secondary,mpds_minus_ses,22,3,mpds,ses,2.0,2.3333333333333335,-0.3333333333333335
evidence_support,secondary,mpds_minus_ses,29,3,mpds,ses,2.0,2.3333333333333335,-0.3333333333333335
evidence_support,secondary,mpds_minus_ses,30,3,mpds,ses,3.3333333333333335,3.0,0.3333333333333335
citation_traceability,primary,ds_minus_sair,1,3,ds,sair,3.0,2.0,1.0
citation_traceability,primary,ds_minus_sair,2,3,ds,sair,2.3333333333333335,1.6666666666666667,0.6666666666666667
citation_traceability,primary,ds_minus_sair,3,3,ds,sair,1.6666666666666667,0.3333333333333333,1.3333333333333335
citation_traceability,primary,ds_minus_sair,4,3,ds,sair,2.3333333333333335,2.6666666666666665,-0.33333333333333304
citation_traceability,primary,ds_minus_sair,8,3,ds,sair,3.3333333333333335,2.6666666666666665,0.666666666666667
citation_traceability,primary,ds_minus_sair,15,3,ds,sair,1.0,1.6666666666666667,-0.6666666666666667
citation_traceability,primary,ds_minus_sair,18,3,ds,sair,1.0,2.3333333333333335,-1.3333333333333335
citation_traceability,primary,ds_minus_sair,22,3,ds,sair,0.3333333333333333,2.0,-1.6666666666666667
citation_traceability,primary,ds_minus_sair,29,3,ds,sair,1.0,1.3333333333333333,-0.33333333333333326
citation_traceability,primary,ds_minus_sair,30,3,ds,sair,2.3333333333333335,2.6666666666666665,-0.33333333333333304
citation_traceability,primary,ds_minus_ses,1,3,ds,ses,3.0,2.3333333333333335,0.6666666666666665
citation_traceability,primary,ds_minus_ses,2,3,ds,ses,2.3333333333333335,2.3333333333333335,0.0
citation_traceability,primary,ds_minus_ses,3,3,ds,ses,1.6666666666666667,2.0,-0.33333333333333326
citation_traceability,primary,ds_minus_ses,4,3,ds,ses,2.3333333333333335,2.3333333333333335,0.0
citation_traceability,primary,ds_minus_ses,8,3,ds,ses,3.3333333333333335,2.3333333333333335,1.0
citation_traceability,primary,ds_minus_ses,15,3,ds,ses,1.0,1.6666666666666667,-0.6666666666666667
citation_traceability,primary,ds_minus_ses,18,3,ds,ses,1.0,3.3333333333333335,-2.3333333333333335
citation_traceability,primary,ds_minus_ses,22,3,ds,ses,0.3333333333333333,2.3333333333333335,-2.0
citation_traceability,primary,ds_minus_ses,29,3,ds,ses,1.0,1.6666666666666667,-0.6666666666666667
citation_traceability,primary,ds_minus_ses,30,3,ds,ses,2.3333333333333335,2.3333333333333335,0.0
citation_traceability,secondary,mpds_minus_ds,1,3,mpds,ds,2.3333333333333335,3.0,-0.6666666666666665
citation_traceability,secondary,mpds_minus_ds,2,3,mpds,ds,2.3333333333333335,2.3333333333333335,0.0
citation_traceability,secondary,mpds_minus_ds,3,3,mpds,ds,1.6666666666666667,1.6666666666666667,0.0
citation_traceability,secondary,mpds_minus_ds,4,3,mpds,ds,2.0,2.3333333333333335,-0.3333333333333335
citation_traceability,secondary,mpds_minus_ds,8,3,mpds,ds,1.6666666666666667,3.3333333333333335,-1.6666666666666667
citation_traceability,secondary,mpds_minus_ds,15,3,mpds,ds,1.3333333333333333,1.0,0.33333333333333326
citation_traceability,secondary,mpds_minus_ds,18,3,mpds,ds,2.6666666666666665,1.0,1.6666666666666665
citation_traceability,secondary,mpds_minus_ds,22,3,mpds,ds,2.3333333333333335,0.3333333333333333,2.0
citation_traceability,secondary,mpds_minus_ds,29,3,mpds,ds,1.3333333333333333,1.0,0.33333333333333326
citation_traceability,secondary,mpds_minus_ds,30,3,mpds,ds,3.0,2.3333333333333335,0.6666666666666665
citation_traceability,secondary,mpds_minus_sair,1,3,mpds,sair,2.3333333333333335,2.0,0.3333333333333335
citation_traceability,secondary,mpds_minus_sair,2,3,mpds,sair,2.3333333333333335,1.6666666666666667,0.6666666666666667
citation_traceability,secondary,mpds_minus_sair,3,3,mpds,sair,1.6666666666666667,0.3333333333333333,1.3333333333333335
citation_traceability,secondary,mpds_minus_sair,4,3,mpds,sair,2.0,2.6666666666666665,-0.6666666666666665
citation_traceability,secondary,mpds_minus_sair,8,3,mpds,sair,1.6666666666666667,2.6666666666666665,-0.9999999999999998
citation_traceability,secondary,mpds_minus_sair,15,3,mpds,sair,1.3333333333333333,1.6666666666666667,-0.3333333333333335
citation_traceability,secondary,mpds_minus_sair,18,3,mpds,sair,2.6666666666666665,2.3333333333333335,0.33333333333333304
citation_traceability,secondary,mpds_minus_sair,22,3,mpds,sair,2.3333333333333335,2.0,0.3333333333333335
citation_traceability,secondary,mpds_minus_sair,29,3,mpds,sair,1.3333333333333333,1.3333333333333333,0.0
citation_traceability,secondary,mpds_minus_sair,30,3,mpds,sair,3.0,2.6666666666666665,0.3333333333333335
citation_traceability,secondary,mpds_minus_ses,1,3,mpds,ses,2.3333333333333335,2.3333333333333335,0.0
citation_traceability,secondary,mpds_minus_ses,2,3,mpds,ses,2.3333333333333335,2.3333333333333335,0.0
citation_traceability,secondary,mpds_minus_ses,3,3,mpds,ses,1.6666666666666667,2.0,-0.33333333333333326
citation_traceability,secondary,mpds_minus_ses,4,3,mpds,ses,2.0,2.3333333333333335,-0.3333333333333335
citation_traceability,secondary,mpds_minus_ses,8,3,mpds,ses,1.6666666666666667,2.3333333333333335,-0.6666666666666667
citation_traceability,secondary,mpds_minus_ses,15,3,mpds,ses,1.3333333333333333,1.6666666666666667,-0.3333333333333335
citation_traceability,secondary,mpds_minus_ses,18,3,mpds,ses,2.6666666666666665,3.3333333333333335,-0.666666666666667
citation_traceability,secondary,mpds_minus_ses,22,3,mpds,ses,2.3333333333333335,2.3333333333333335,0.0
citation_traceability,secondary,mpds_minus_ses,29,3,mpds,ses,1.3333333333333333,1.6666666666666667,-0.3333333333333335
citation_traceability,secondary,mpds_minus_ses,30,3,mpds,ses,3.0,2.3333333333333335,0.6666666666666665
strict_supported_rate,primary,ds_minus_sair,1,3,ds,sair,0.5333333333333333,0.5,0.033333333333333326
strict_supported_rate,primary,ds_minus_sair,2,3,ds,sair,0.3,0.16666666666666666,0.13333333333333333
strict_supported_rate,primary,ds_minus_sair,3,3,ds,sair,0.08888888888888889,0.08888888888888889,0.0
strict_supported_rate,primary,ds_minus_sair,4,3,ds,sair,0.19999999999999998,0.4666666666666667,-0.2666666666666667
strict_supported_rate,primary,ds_minus_sair,8,3,ds,sair,0.4666666666666667,0.19999999999999998,0.2666666666666667
strict_supported_rate,primary,ds_minus_sair,15,3,ds,sair,0.3,0.1,0.19999999999999998
strict_supported_rate,primary,ds_minus_sair,18,3,ds,sair,0.3,0.3666666666666667,-0.06666666666666671
strict_supported_rate,primary,ds_minus_sair,22,3,ds,sair,0.0,0.2,-0.2
strict_supported_rate,primary,ds_minus_sair,29,3,ds,sair,0.2,0.26666666666666666,-0.06666666666666665
strict_supported_rate,primary,ds_minus_sair,30,3,ds,sair,0.39999999999999997,0.6,-0.2
strict_supported_rate,primary,ds_minus_ses,1,3,ds,ses,0.5333333333333333,0.6,-0.06666666666666665
strict_supported_rate,primary,ds_minus_ses,2,3,ds,ses,0.3,0.3333333333333333,-0.033333333333333326
strict_supported_rate,primary,ds_minus_ses,3,3,ds,ses,0.08888888888888889,0.3333333333333333,-0.2444444444444444
strict_supported_rate,primary,ds_minus_ses,4,3,ds,ses,0.19999999999999998,0.3,-0.1
strict_supported_rate,primary,ds_minus_ses,8,3,ds,ses,0.4666666666666667,0.26666666666666666,0.2
strict_supported_rate,primary,ds_minus_ses,15,3,ds,ses,0.3,0.3,0.0
strict_supported_rate,primary,ds_minus_ses,18,3,ds,ses,0.3,0.5,-0.2
strict_supported_rate,primary,ds_minus_ses,22,3,ds,ses,0.0,0.3333333333333333,-0.3333333333333333
strict_supported_rate,primary,ds_minus_ses,29,3,ds,ses,0.2,0.33333333333333337,-0.13333333333333336
strict_supported_rate,primary,ds_minus_ses,30,3,ds,ses,0.39999999999999997,0.5,-0.10000000000000003
strict_supported_rate,secondary,mpds_minus_ds,1,3,mpds,ds,0.6333333333333333,0.5333333333333333,0.09999999999999998
strict_supported_rate,secondary,mpds_minus_ds,2,3,mpds,ds,0.13333333333333333,0.3,-0.16666666666666666
strict_supported_rate,secondary,mpds_minus_ds,3,3,mpds,ds,0.26666666666666666,0.08888888888888889,0.17777777777777776
strict_supported_rate,secondary,mpds_minus_ds,4,3,mpds,ds,0.3,0.19999999999999998,0.1
strict_supported_rate,secondary,mpds_minus_ds,8,3,mpds,ds,0.13333333333333333,0.4666666666666667,-0.33333333333333337
strict_supported_rate,secondary,mpds_minus_ds,15,3,mpds,ds,0.23333333333333334,0.3,-0.06666666666666665
strict_supported_rate,secondary,mpds_minus_ds,18,3,mpds,ds,0.3666666666666667,0.3,0.06666666666666671
strict_supported_rate,secondary,mpds_minus_ds,22,3,mpds,ds,0.26666666666666666,0.0,0.26666666666666666
strict_supported_rate,secondary,mpds_minus_ds,29,3,mpds,ds,0.4666666666666667,0.2,0.26666666666666666
strict_supported_rate,secondary,mpds_minus_ds,30,3,mpds,ds,0.5,0.39999999999999997,0.10000000000000003
strict_supported_rate,secondary,mpds_minus_sair,1,3,mpds,sair,0.6333333333333333,0.5,0.1333333333333333
strict_supported_rate,secondary,mpds_minus_sair,2,3,mpds,sair,0.13333333333333333,0.16666666666666666,-0.033333333333333326
strict_supported_rate,secondary,mpds_minus_sair,3,3,mpds,sair,0.26666666666666666,0.08888888888888889,0.17777777777777776
strict_supported_rate,secondary,mpds_minus_sair,4,3,mpds,sair,0.3,0.4666666666666667,-0.16666666666666669
strict_supported_rate,secondary,mpds_minus_sair,8,3,mpds,sair,0.13333333333333333,0.19999999999999998,-0.06666666666666665
strict_supported_rate,secondary,mpds_minus_sair,15,3,mpds,sair,0.23333333333333334,0.1,0.13333333333333333
strict_supported_rate,secondary,mpds_minus_sair,18,3,mpds,sair,0.3666666666666667,0.3666666666666667,0.0
strict_supported_rate,secondary,mpds_minus_sair,22,3,mpds,sair,0.26666666666666666,0.2,0.06666666666666665
strict_supported_rate,secondary,mpds_minus_sair,29,3,mpds,sair,0.4666666666666667,0.26666666666666666,0.2
strict_supported_rate,secondary,mpds_minus_sair,30,3,mpds,sair,0.5,0.6,-0.09999999999999998
strict_supported_rate,secondary,mpds_minus_ses,1,3,mpds,ses,0.6333333333333333,0.6,0.033333333333333326
strict_supported_rate,secondary,mpds_minus_ses,2,3,mpds,ses,0.13333333333333333,0.3333333333333333,-0.19999999999999998
strict_supported_rate,secondary,mpds_minus_ses,3,3,mpds,ses,0.26666666666666666,0.3333333333333333,-0.06666666666666665
strict_supported_rate,secondary,mpds_minus_ses,4,3,mpds,ses,0.3,0.3,0.0
strict_supported_rate,secondary,mpds_minus_ses,8,3,mpds,ses,0.13333333333333333,0.26666666666666666,-0.13333333333333333
strict_supported_rate,secondary,mpds_minus_ses,15,3,mpds,ses,0.23333333333333334,0.3,-0.06666666666666665
strict_supported_rate,secondary,mpds_minus_ses,18,3,mpds,ses,0.3666666666666667,0.5,-0.1333333333333333
strict_supported_rate,secondary,mpds_minus_ses,22,3,mpds,ses,0.26666666666666666,0.3333333333333333,-0.06666666666666665
strict_supported_rate,secondary,mpds_minus_ses,29,3,mpds,ses,0.4666666666666667,0.33333333333333337,0.1333333333333333
strict_supported_rate,secondary,mpds_minus_ses,30,3,mpds,ses,0.5,0.5,0.0
supported_or_partial_rate,primary,ds_minus_sair,1,3,ds,sair,0.9333333333333333,1.0,-0.06666666666666665
supported_or_partial_rate,primary,ds_minus_sair,2,3,ds,sair,0.8666666666666667,0.8666666666666667,0.0
supported_or_partial_rate,primary,ds_minus_sair,3,3,ds,sair,0.7555555555555555,0.7555555555555555,0.0
supported_or_partial_rate,primary,ds_minus_sair,4,3,ds,sair,0.5333333333333333,1.0,-0.4666666666666667
supported_or_partial_rate,primary,ds_minus_sair,8,3,ds,sair,0.9333333333333333,0.9333333333333333,0.0
supported_or_partial_rate,primary,ds_minus_sair,15,3,ds,sair,0.6333333333333333,0.7,-0.06666666666666665
supported_or_partial_rate,primary,ds_minus_sair,18,3,ds,sair,0.5,0.9666666666666667,-0.4666666666666667
supported_or_partial_rate,primary,ds_minus_sair,22,3,ds,sair,0.33333333333333337,0.8666666666666667,-0.5333333333333333
supported_or_partial_rate,primary,ds_minus_sair,29,3,ds,sair,0.5666666666666667,0.8333333333333334,-0.2666666666666667
supported_or_partial_rate,primary,ds_minus_sair,30,3,ds,sair,0.9333333333333333,0.9333333333333333,0.0
supported_or_partial_rate,primary,ds_minus_ses,1,3,ds,ses,0.9333333333333333,1.0,-0.06666666666666665
supported_or_partial_rate,primary,ds_minus_ses,2,3,ds,ses,0.8666666666666667,0.9333333333333333,-0.06666666666666665
supported_or_partial_rate,primary,ds_minus_ses,3,3,ds,ses,0.7555555555555555,0.8666666666666667,-0.11111111111111116
supported_or_partial_rate,primary,ds_minus_ses,4,3,ds,ses,0.5333333333333333,0.8333333333333334,-0.30000000000000004
supported_or_partial_rate,primary,ds_minus_ses,8,3,ds,ses,0.9333333333333333,0.8666666666666667,0.06666666666666665
supported_or_partial_rate,primary,ds_minus_ses,15,3,ds,ses,0.6333333333333333,0.6333333333333333,0.0
supported_or_partial_rate,primary,ds_minus_ses,18,3,ds,ses,0.5,0.8333333333333334,-0.33333333333333337
supported_or_partial_rate,primary,ds_minus_ses,22,3,ds,ses,0.33333333333333337,0.8666666666666667,-0.5333333333333333
supported_or_partial_rate,primary,ds_minus_ses,29,3,ds,ses,0.5666666666666667,0.9333333333333333,-0.3666666666666667
supported_or_partial_rate,primary,ds_minus_ses,30,3,ds,ses,0.9333333333333333,0.9333333333333333,0.0
supported_or_partial_rate,secondary,mpds_minus_ds,1,3,mpds,ds,1.0,0.9333333333333333,0.06666666666666665
supported_or_partial_rate,secondary,mpds_minus_ds,2,3,mpds,ds,0.8,0.8666666666666667,-0.06666666666666665
supported_or_partial_rate,secondary,mpds_minus_ds,3,3,mpds,ds,0.8666666666666667,0.7555555555555555,0.11111111111111116
supported_or_partial_rate,secondary,mpds_minus_ds,4,3,mpds,ds,0.8333333333333334,0.5333333333333333,0.30000000000000004
supported_or_partial_rate,secondary,mpds_minus_ds,8,3,mpds,ds,0.6,0.9333333333333333,-0.33333333333333337
supported_or_partial_rate,secondary,mpds_minus_ds,15,3,mpds,ds,0.7000000000000001,0.6333333333333333,0.06666666666666676
supported_or_partial_rate,secondary,mpds_minus_ds,18,3,mpds,ds,0.9666666666666667,0.5,0.4666666666666667
supported_or_partial_rate,secondary,mpds_minus_ds,22,3,mpds,ds,0.9333333333333333,0.33333333333333337,0.6
supported_or_partial_rate,secondary,mpds_minus_ds,29,3,mpds,ds,0.7333333333333333,0.5666666666666667,0.16666666666666663
supported_or_partial_rate,secondary,mpds_minus_ds,30,3,mpds,ds,0.9333333333333333,0.9333333333333333,0.0
supported_or_partial_rate,secondary,mpds_minus_sair,1,3,mpds,sair,1.0,1.0,0.0
supported_or_partial_rate,secondary,mpds_minus_sair,2,3,mpds,sair,0.8,0.8666666666666667,-0.06666666666666665
supported_or_partial_rate,secondary,mpds_minus_sair,3,3,mpds,sair,0.8666666666666667,0.7555555555555555,0.11111111111111116
supported_or_partial_rate,secondary,mpds_minus_sair,4,3,mpds,sair,0.8333333333333334,1.0,-0.16666666666666663
supported_or_partial_rate,secondary,mpds_minus_sair,8,3,mpds,sair,0.6,0.9333333333333333,-0.33333333333333337
supported_or_partial_rate,secondary,mpds_minus_sair,15,3,mpds,sair,0.7000000000000001,0.7,1.1102230246251565e-16
supported_or_partial_rate,secondary,mpds_minus_sair,18,3,mpds,sair,0.9666666666666667,0.9666666666666667,0.0
supported_or_partial_rate,secondary,mpds_minus_sair,22,3,mpds,sair,0.9333333333333333,0.8666666666666667,0.06666666666666665
supported_or_partial_rate,secondary,mpds_minus_sair,29,3,mpds,sair,0.7333333333333333,0.8333333333333334,-0.10000000000000009
supported_or_partial_rate,secondary,mpds_minus_sair,30,3,mpds,sair,0.9333333333333333,0.9333333333333333,0.0
supported_or_partial_rate,secondary,mpds_minus_ses,1,3,mpds,ses,1.0,1.0,0.0
supported_or_partial_rate,secondary,mpds_minus_ses,2,3,mpds,ses,0.8,0.9333333333333333,-0.1333333333333333
supported_or_partial_rate,secondary,mpds_minus_ses,3,3,mpds,ses,0.8666666666666667,0.8666666666666667,0.0
supported_or_partial_rate,secondary,mpds_minus_ses,4,3,mpds,ses,0.8333333333333334,0.8333333333333334,0.0
supported_or_partial_rate,secondary,mpds_minus_ses,8,3,mpds,ses,0.6,0.8666666666666667,-0.2666666666666667
supported_or_partial_rate,secondary,mpds_minus_ses,15,3,mpds,ses,0.7000000000000001,0.6333333333333333,0.06666666666666676
supported_or_partial_rate,secondary,mpds_minus_ses,18,3,mpds,ses,0.9666666666666667,0.8333333333333334,0.1333333333333333
supported_or_partial_rate,secondary,mpds_minus_ses,22,3,mpds,ses,0.9333333333333333,0.8666666666666667,0.06666666666666665
supported_or_partial_rate,secondary,mpds_minus_ses,29,3,mpds,ses,0.7333333333333333,0.9333333333333333,-0.20000000000000007
supported_or_partial_rate,secondary,mpds_minus_ses,30,3,mpds,ses,0.9333333333333333,0.9333333333333333,0.0
unsupported_or_contradicted_rate,primary,ds_minus_sair,1,3,ds,sair,0.0,0.0,0.0
unsupported_or_contradicted_rate,primary,ds_minus_sair,2,3,ds,sair,0.06666666666666667,0.13333333333333333,-0.06666666666666667
unsupported_or_contradicted_rate,primary,ds_minus_sair,3,3,ds,sair,0.18888888888888888,0.18888888888888888,0.0
unsupported_or_contradicted_rate,primary,ds_minus_sair,4,3,ds,sair,0.4666666666666667,0.0,0.4666666666666667
unsupported_or_contradicted_rate,primary,ds_minus_sair,8,3,ds,sair,0.0,0.06666666666666667,-0.06666666666666667
unsupported_or_contradicted_rate,primary,ds_minus_sair,15,3,ds,sair,0.09999999999999999,0.13333333333333333,-0.03333333333333334
unsupported_or_contradicted_rate,primary,ds_minus_sair,18,3,ds,sair,0.3333333333333333,0.03333333333333333,0.3
unsupported_or_contradicted_rate,primary,ds_minus_sair,22,3,ds,sair,0.33333333333333337,0.13333333333333333,0.20000000000000004
unsupported_or_contradicted_rate,primary,ds_minus_sair,29,3,ds,sair,0.1,0.1,0.0
unsupported_or_contradicted_rate,primary,ds_minus_sair,30,3,ds,sair,0.06666666666666667,0.06666666666666667,0.0
unsupported_or_contradicted_rate,primary,ds_minus_ses,1,3,ds,ses,0.0,0.0,0.0
unsupported_or_contradicted_rate,primary,ds_minus_ses,2,3,ds,ses,0.06666666666666667,0.06666666666666667,0.0
unsupported_or_contradicted_rate,primary,ds_minus_ses,3,3,ds,ses,0.18888888888888888,0.13333333333333333,0.05555555555555555
unsupported_or_contradicted_rate,primary,ds_minus_ses,4,3,ds,ses,0.4666666666666667,0.1,0.3666666666666667
unsupported_or_contradicted_rate,primary,ds_minus_ses,8,3,ds,ses,0.0,0.13333333333333333,-0.13333333333333333
unsupported_or_contradicted_rate,primary,ds_minus_ses,15,3,ds,ses,0.09999999999999999,0.09999999999999999,0.0
unsupported_or_contradicted_rate,primary,ds_minus_ses,18,3,ds,ses,0.3333333333333333,0.0,0.3333333333333333
unsupported_or_contradicted_rate,primary,ds_minus_ses,22,3,ds,ses,0.33333333333333337,0.13333333333333333,0.20000000000000004
unsupported_or_contradicted_rate,primary,ds_minus_ses,29,3,ds,ses,0.1,0.0,0.1
unsupported_or_contradicted_rate,primary,ds_minus_ses,30,3,ds,ses,0.06666666666666667,0.03333333333333333,0.03333333333333333
unsupported_or_contradicted_rate,secondary,mpds_minus_ds,1,3,mpds,ds,0.0,0.0,0.0
unsupported_or_contradicted_rate,secondary,mpds_minus_ds,2,3,mpds,ds,0.13333333333333333,0.06666666666666667,0.06666666666666667
unsupported_or_contradicted_rate,secondary,mpds_minus_ds,3,3,mpds,ds,0.13333333333333333,0.18888888888888888,-0.05555555555555555
unsupported_or_contradicted_rate,secondary,mpds_minus_ds,4,3,mpds,ds,0.1,0.4666666666666667,-0.3666666666666667
unsupported_or_contradicted_rate,secondary,mpds_minus_ds,8,3,mpds,ds,0.0,0.0,0.0
unsupported_or_contradicted_rate,secondary,mpds_minus_ds,15,3,mpds,ds,0.06666666666666667,0.09999999999999999,-0.033333333333333326
unsupported_or_contradicted_rate,secondary,mpds_minus_ds,18,3,mpds,ds,0.03333333333333333,0.3333333333333333,-0.3
unsupported_or_contradicted_rate,secondary,mpds_minus_ds,22,3,mpds,ds,0.06666666666666667,0.33333333333333337,-0.2666666666666667
unsupported_or_contradicted_rate,secondary,mpds_minus_ds,29,3,mpds,ds,0.2,0.1,0.1
unsupported_or_contradicted_rate,secondary,mpds_minus_ds,30,3,mpds,ds,0.03333333333333333,0.06666666666666667,-0.03333333333333333
unsupported_or_contradicted_rate,secondary,mpds_minus_sair,1,3,mpds,sair,0.0,0.0,0.0
unsupported_or_contradicted_rate,secondary,mpds_minus_sair,2,3,mpds,sair,0.13333333333333333,0.13333333333333333,0.0
unsupported_or_contradicted_rate,secondary,mpds_minus_sair,3,3,mpds,sair,0.13333333333333333,0.18888888888888888,-0.05555555555555555
unsupported_or_contradicted_rate,secondary,mpds_minus_sair,4,3,mpds,sair,0.1,0.0,0.1
unsupported_or_contradicted_rate,secondary,mpds_minus_sair,8,3,mpds,sair,0.0,0.06666666666666667,-0.06666666666666667
unsupported_or_contradicted_rate,secondary,mpds_minus_sair,15,3,mpds,sair,0.06666666666666667,0.13333333333333333,-0.06666666666666667
unsupported_or_contradicted_rate,secondary,mpds_minus_sair,18,3,mpds,sair,0.03333333333333333,0.03333333333333333,0.0
unsupported_or_contradicted_rate,secondary,mpds_minus_sair,22,3,mpds,sair,0.06666666666666667,0.13333333333333333,-0.06666666666666667
unsupported_or_contradicted_rate,secondary,mpds_minus_sair,29,3,mpds,sair,0.2,0.1,0.1
unsupported_or_contradicted_rate,secondary,mpds_minus_sair,30,3,mpds,sair,0.03333333333333333,0.06666666666666667,-0.03333333333333333
unsupported_or_contradicted_rate,secondary,mpds_minus_ses,1,3,mpds,ses,0.0,0.0,0.0
unsupported_or_contradicted_rate,secondary,mpds_minus_ses,2,3,mpds,ses,0.13333333333333333,0.06666666666666667,0.06666666666666667
unsupported_or_contradicted_rate,secondary,mpds_minus_ses,3,3,mpds,ses,0.13333333333333333,0.13333333333333333,0.0
unsupported_or_contradicted_rate,secondary,mpds_minus_ses,4,3,mpds,ses,0.1,0.1,0.0
unsupported_or_contradicted_rate,secondary,mpds_minus_ses,8,3,mpds,ses,0.0,0.13333333333333333,-0.13333333333333333
unsupported_or_contradicted_rate,secondary,mpds_minus_ses,15,3,mpds,ses,0.06666666666666667,0.09999999999999999,-0.033333333333333326
unsupported_or_contradicted_rate,secondary,mpds_minus_ses,18,3,mpds,ses,0.03333333333333333,0.0,0.03333333333333333
unsupported_or_contradicted_rate,secondary,mpds_minus_ses,22,3,mpds,ses,0.06666666666666667,0.13333333333333333,-0.06666666666666667
unsupported_or_contradicted_rate,secondary,mpds_minus_ses,29,3,mpds,ses,0.2,0.0,0.2
unsupported_or_contradicted_rate,secondary,mpds_minus_ses,30,3,mpds,ses,0.03333333333333333,0.03333333333333333,0.0
unverifiable_rate,primary,ds_minus_sair,1,3,ds,sair,0.06666666666666667,0.0,0.06666666666666667
unverifiable_rate,primary,ds_minus_sair,2,3,ds,sair,0.06666666666666667,0.0,0.06666666666666667
unverifiable_rate,primary,ds_minus_sair,3,3,ds,sair,0.05555555555555555,0.05555555555555555,0.0
unverifiable_rate,primary,ds_minus_sair,4,3,ds,sair,0.0,0.0,0.0
unverifiable_rate,primary,ds_minus_sair,8,3,ds,sair,0.06666666666666667,0.0,0.06666666666666667
unverifiable_rate,primary,ds_minus_sair,15,3,ds,sair,0.26666666666666666,0.16666666666666666,0.1
unverifiable_rate,primary,ds_minus_sair,18,3,ds,sair,0.16666666666666666,0.0,0.16666666666666666
unverifiable_rate,primary,ds_minus_sair,22,3,ds,sair,0.3333333333333333,0.0,0.3333333333333333
unverifiable_rate,primary,ds_minus_sair,29,3,ds,sair,0.3333333333333333,0.06666666666666667,0.26666666666666666
unverifiable_rate,primary,ds_minus_sair,30,3,ds,sair,0.0,0.0,0.0
unverifiable_rate,primary,ds_minus_ses,1,3,ds,ses,0.06666666666666667,0.0,0.06666666666666667
unverifiable_rate,primary,ds_minus_ses,2,3,ds,ses,0.06666666666666667,0.0,0.06666666666666667
unverifiable_rate,primary,ds_minus_ses,3,3,ds,ses,0.05555555555555555,0.0,0.05555555555555555
unverifiable_rate,primary,ds_minus_ses,4,3,ds,ses,0.0,0.06666666666666667,-0.06666666666666667
unverifiable_rate,primary,ds_minus_ses,8,3,ds,ses,0.06666666666666667,0.0,0.06666666666666667
unverifiable_rate,primary,ds_minus_ses,15,3,ds,ses,0.26666666666666666,0.26666666666666666,0.0
unverifiable_rate,primary,ds_minus_ses,18,3,ds,ses,0.16666666666666666,0.16666666666666666,0.0
unverifiable_rate,primary,ds_minus_ses,22,3,ds,ses,0.3333333333333333,0.0,0.3333333333333333
unverifiable_rate,primary,ds_minus_ses,29,3,ds,ses,0.3333333333333333,0.06666666666666667,0.26666666666666666
unverifiable_rate,primary,ds_minus_ses,30,3,ds,ses,0.0,0.03333333333333333,-0.03333333333333333
unverifiable_rate,secondary,mpds_minus_ds,1,3,mpds,ds,0.0,0.06666666666666667,-0.06666666666666667
unverifiable_rate,secondary,mpds_minus_ds,2,3,mpds,ds,0.06666666666666667,0.06666666666666667,0.0
unverifiable_rate,secondary,mpds_minus_ds,3,3,mpds,ds,0.0,0.05555555555555555,-0.05555555555555555
unverifiable_rate,secondary,mpds_minus_ds,4,3,mpds,ds,0.06666666666666667,0.0,0.06666666666666667
unverifiable_rate,secondary,mpds_minus_ds,8,3,mpds,ds,0.4,0.06666666666666667,0.33333333333333337
unverifiable_rate,secondary,mpds_minus_ds,15,3,mpds,ds,0.23333333333333334,0.26666666666666666,-0.033333333333333326
unverifiable_rate,secondary,mpds_minus_ds,18,3,mpds,ds,0.0,0.16666666666666666,-0.16666666666666666
unverifiable_rate,secondary,mpds_minus_ds,22,3,mpds,ds,0.0,0.3333333333333333,-0.3333333333333333
unverifiable_rate,secondary,mpds_minus_ds,29,3,mpds,ds,0.06666666666666667,0.3333333333333333,-0.26666666666666666
unverifiable_rate,secondary,mpds_minus_ds,30,3,mpds,ds,0.03333333333333333,0.0,0.03333333333333333
unverifiable_rate,secondary,mpds_minus_sair,1,3,mpds,sair,0.0,0.0,0.0
unverifiable_rate,secondary,mpds_minus_sair,2,3,mpds,sair,0.06666666666666667,0.0,0.06666666666666667
unverifiable_rate,secondary,mpds_minus_sair,3,3,mpds,sair,0.0,0.05555555555555555,-0.05555555555555555
unverifiable_rate,secondary,mpds_minus_sair,4,3,mpds,sair,0.06666666666666667,0.0,0.06666666666666667
unverifiable_rate,secondary,mpds_minus_sair,8,3,mpds,sair,0.4,0.0,0.4
unverifiable_rate,secondary,mpds_minus_sair,15,3,mpds,sair,0.23333333333333334,0.16666666666666666,0.06666666666666668
unverifiable_rate,secondary,mpds_minus_sair,18,3,mpds,sair,0.0,0.0,0.0
unverifiable_rate,secondary,mpds_minus_sair,22,3,mpds,sair,0.0,0.0,0.0
unverifiable_rate,secondary,mpds_minus_sair,29,3,mpds,sair,0.06666666666666667,0.06666666666666667,0.0
unverifiable_rate,secondary,mpds_minus_sair,30,3,mpds,sair,0.03333333333333333,0.0,0.03333333333333333
unverifiable_rate,secondary,mpds_minus_ses,1,3,mpds,ses,0.0,0.0,0.0
unverifiable_rate,secondary,mpds_minus_ses,2,3,mpds,ses,0.06666666666666667,0.0,0.06666666666666667
unverifiable_rate,secondary,mpds_minus_ses,3,3,mpds,ses,0.0,0.0,0.0
unverifiable_rate,secondary,mpds_minus_ses,4,3,mpds,ses,0.06666666666666667,0.06666666666666667,0.0
unverifiable_rate,secondary,mpds_minus_ses,8,3,mpds,ses,0.4,0.0,0.4
unverifiable_rate,secondary,mpds_minus_ses,15,3,mpds,ses,0.23333333333333334,0.26666666666666666,-0.033333333333333326
unverifiable_rate,secondary,mpds_minus_ses,18,3,mpds,ses,0.0,0.16666666666666666,-0.16666666666666666
unverifiable_rate,secondary,mpds_minus_ses,22,3,mpds,ses,0.0,0.0,0.0
unverifiable_rate,secondary,mpds_minus_ses,29,3,mpds,ses,0.06666666666666667,0.06666666666666667,0.0
unverifiable_rate,secondary,mpds_minus_ses,30,3,mpds,ses,0.03333333333333333,0.03333333333333333,0.0
