metric,contrast_tier,comparison,left_condition,right_condition,analysis_unit,n_cases,left_mean,right_mean,mean_difference,bootstrap_95ci_low,bootstrap_95ci_high,wins,ties,losses,wilcoxon_statistic,p_value_raw,sign_flip_p_exact,rank_biserial,p_value_holm_declared_comparison_family
evidence_support,primary,ds_minus_sair,ds,sair,case mean across three replicates,10,1.7666666666666666,2.3666666666666667,-0.6,-1.2,-4.4408920985006264e-17,3,0,7,11.0,0.10546875,0.123046875,-0.6,0.31640625
evidence_support,primary,ds_minus_ses,ds,ses,case mean across three replicates,10,1.7666666666666666,2.566666666666667,-0.8,-1.3,-0.36666666666666664,0,2,8,0.0,0.0078125,0.0078125,-1.0,0.0390625
evidence_support,secondary,mpds_minus_ds,mpds,ds,case mean across three replicates,10,2.1,1.7666666666666666,0.33333333333333337,-0.2333333333333333,0.8333333333333336,6,2,2,12.5,0.1953125,0.328125,0.5277777777777778,0.390625
evidence_support,secondary,mpds_minus_sair,mpds,sair,case mean across three replicates,10,2.1,2.3666666666666667,-0.26666666666666666,-0.6333333333333334,0.1333333333333333,2,2,6,13.0,0.203125,0.296875,-0.5,0.390625
evidence_support,secondary,mpds_minus_ses,mpds,ses,case mean across three replicates,10,2.1,2.566666666666667,-0.4666666666666666,-0.8,-0.16666666666666666,1,1,8,5.0,0.02734375,0.02734375,-0.8222222222222222,0.109375
citation_traceability,primary,ds_minus_sair,ds,sair,case mean across three replicates,10,1.8333333333333335,1.9333333333333333,-0.09999999999999994,-0.7,0.4666666666666668,4,0,6,26.0,0.923828125,0.83203125,-0.05454545454545454,1.0
citation_traceability,primary,ds_minus_ses,ds,ses,case mean across three replicates,10,1.8333333333333335,2.2666666666666666,-0.43333333333333346,-1.0666666666666669,0.16666666666666663,2,3,5,13.0,0.265625,0.296875,-0.5,1.0
citation_traceability,secondary,mpds_minus_ds,mpds,ds,case mean across three replicates,10,2.066666666666667,1.8333333333333335,0.2333333333333333,-0.3666666666666668,0.8666666666666666,5,2,3,20.5,0.609375,0.5703125,0.19444444444444445,1.0
citation_traceability,secondary,mpds_minus_sair,mpds,sair,case mean across three replicates,10,2.066666666666667,1.9333333333333333,0.1333333333333334,-0.2666666666666666,0.5333333333333334,6,1,3,20.5,0.53515625,0.6484375,0.2222222222222222,1.0
citation_traceability,secondary,mpds_minus_ses,mpds,ses,case mean across three replicates,10,2.066666666666667,2.2666666666666666,-0.2000000000000001,-0.4000000000000002,0.033333333333333284,1,3,6,8.0,0.09375,0.21875,-0.6428571428571429,0.46875
strict_supported_rate,primary,ds_minus_sair,ds,sair,case mean across three replicates,10,0.2788888888888889,0.29555555555555557,-0.016666666666666677,-0.12000000000000002,0.09000000000000001,4,1,5,22.5,0.67578125,0.8046875,-0.17777777777777778,0.931640625
strict_supported_rate,primary,ds_minus_ses,ds,ses,case mean across three replicates,10,0.2788888888888889,0.38,-0.10111111111111111,-0.18444444444444444,-0.012222222222222214,1,1,8,7.5,0.046875,0.0703125,-0.7111111111111111,0.234375
strict_supported_rate,secondary,mpds_minus_ds,mpds,ds,case mean across three replicates,10,0.33,0.2788888888888889,0.05111111111111111,-0.06666666666666668,0.15444444444444444,7,0,3,17.0,0.310546875,0.4140625,0.38181818181818183,0.931640625
strict_supported_rate,secondary,mpds_minus_sair,mpds,sair,case mean across three replicates,10,0.33,0.29555555555555557,0.034444444444444444,-0.04,0.10777777777777775,5,1,4,18.5,0.421875,0.42578125,0.35555555555555557,0.931640625
strict_supported_rate,secondary,mpds_minus_ses,mpds,ses,case mean across three replicates,10,0.33,0.38,-0.04999999999999999,-0.10333333333333332,0.006666666666666665,2,2,6,10.5,0.1328125,0.15625,-0.6388888888888888,0.53125
supported_or_partial_rate,primary,ds_minus_sair,ds,sair,case mean across three replicates,10,0.6988888888888889,0.8855555555555555,-0.18666666666666668,-0.32,-0.06000000000000001,0,4,6,0.0,0.03125,0.03125,-1.0,0.15625
supported_or_partial_rate,primary,ds_minus_ses,ds,ses,case mean across three replicates,10,0.6988888888888889,0.87,-0.17111111111111113,-0.29222222222222216,-0.06000000000000001,1,2,7,4.0,0.03125,0.03125,-0.8888888888888888,0.15625
supported_or_partial_rate,secondary,mpds_minus_ds,mpds,ds,case mean across three replicates,10,0.8366666666666667,0.6988888888888889,0.13777777777777778,-0.014444444444444449,0.2966666666666667,7,1,2,10.5,0.09765625,0.140625,0.6222222222222222,0.29296875
supported_or_partial_rate,secondary,mpds_minus_sair,mpds,sair,case mean across three replicates,10,0.8366666666666667,0.8855555555555555,-0.048888888888888885,-0.12777777777777777,0.020000000000000018,3,3,4,17.5,0.5,0.34375,-0.39285714285714285,1.0
supported_or_partial_rate,secondary,mpds_minus_ses,mpds,ses,case mean across three replicates,10,0.8366666666666667,0.87,-0.03333333333333334,-0.11333333333333333,0.03333333333333336,3,4,3,18.5,0.71875,0.53125,-0.38095238095238093,1.0
unsupported_or_contradicted_rate,primary,ds_minus_sair,ds,sair,case mean across three replicates,10,0.16555555555555557,0.08555555555555555,0.08,-0.01666666666666667,0.19666666666666666,3,4,3,18.0,0.6875,0.25,0.42857142857142855,1.0
unsupported_or_contradicted_rate,primary,ds_minus_ses,ds,ses,case mean across three replicates,10,0.16555555555555557,0.06999999999999999,0.09555555555555556,0.007777777777777781,0.19222222222222224,6,3,1,7.0,0.078125,0.109375,0.7142857142857143,0.390625
unsupported_or_contradicted_rate,secondary,mpds_minus_ds,mpds,ds,case mean across three replicates,10,0.07666666666666666,0.16555555555555557,-0.08888888888888889,-0.18888888888888894,1.3877787807814458e-18,2,2,6,13.0,0.2109375,0.1640625,-0.5,0.84375
unsupported_or_contradicted_rate,secondary,mpds_minus_sair,mpds,sair,case mean across three replicates,10,0.07666666666666666,0.08555555555555555,-0.008888888888888887,-0.043333333333333335,0.030000000000000006,2,3,5,19.0,0.625,0.734375,-0.07142857142857142,1.0
unsupported_or_contradicted_rate,secondary,mpds_minus_ses,mpds,ses,case mean across three replicates,10,0.07666666666666666,0.06999999999999999,0.0066666666666666706,-0.04,0.06000000000000001,3,4,3,21.5,0.9375,0.90625,0.09523809523809523,1.0
unverifiable_rate,primary,ds_minus_sair,ds,sair,case mean across three replicates,10,0.13555555555555554,0.028888888888888888,0.10666666666666666,0.043333333333333335,0.18,7,3,0,0.0,0.015625,0.015625,1.0,0.078125
unverifiable_rate,primary,ds_minus_ses,ds,ses,case mean across three replicates,10,0.13555555555555554,0.06,0.07555555555555554,0.007777777777777777,0.15666666666666668,6,2,2,9.5,0.1015625,0.09375,0.6944444444444444,0.375
unverifiable_rate,secondary,mpds_minus_ds,mpds,ds,case mean across three replicates,10,0.08666666666666667,0.13555555555555554,-0.048888888888888885,-0.15444444444444444,0.06444444444444446,3,1,6,18.5,0.41796875,0.453125,-0.3111111111111111,0.8359375
unverifiable_rate,secondary,mpds_minus_sair,mpds,sair,case mean across three replicates,10,0.08666666666666667,0.028888888888888888,0.05777777777777778,0.0011111111111111154,0.14333333333333334,5,4,1,6.0,0.09375,0.09375,0.8095238095238095,0.375
unverifiable_rate,secondary,mpds_minus_ses,mpds,ses,case mean across three replicates,10,0.08666666666666667,0.06,0.026666666666666672,-0.043333333333333335,0.12000000000000002,2,6,2,16.0,0.875,0.75,0.2,0.875
