packet_id,selection,accepted_scores,accepted_scores_sha256,run_manifest,run_manifest_sha256
case_01__rep_01,NEW_OFFICIAL_SAIR_SES_PASS2,[LOCAL_PATH_REDACTED]
case_01__rep_02,NEW_OFFICIAL_SAIR_SES_PASS2,[LOCAL_PATH_REDACTED]
case_01__rep_03,NEW_OFFICIAL_SAIR_SES_PASS2,[LOCAL_PATH_REDACTED]
case_02__rep_01,NEW_OFFICIAL_SAIR_SES_PASS2,[LOCAL_PATH_REDACTED]
case_02__rep_02,NEW_OFFICIAL_SAIR_SES_PASS2,[LOCAL_PATH_REDACTED]
case_02__rep_03,NEW_OFFICIAL_SAIR_SES_PASS2,[LOCAL_PATH_REDACTED]
case_03__rep_01,NEW_OFFICIAL_SAIR_SES_PASS2,[LOCAL_PATH_REDACTED]
case_03__rep_02,NEW_OFFICIAL_SAIR_SES_PASS2,[LOCAL_PATH_REDACTED]
case_03__rep_03,NEW_OFFICIAL_SAIR_SES_PASS2,[LOCAL_PATH_REDACTED]
case_04__rep_01,NEW_OFFICIAL_SAIR_SES_PASS2,[LOCAL_PATH_REDACTED]
case_04__rep_02,NEW_OFFICIAL_SAIR_SES_PASS2,[LOCAL_PATH_REDACTED]
case_04__rep_03,NEW_OFFICIAL_SAIR_SES_PASS2,[LOCAL_PATH_REDACTED]
case_08__rep_01,NEW_OFFICIAL_SAIR_SES_PASS2,[LOCAL_PATH_REDACTED]
case_08__rep_02,NEW_OFFICIAL_SAIR_SES_PASS2,[LOCAL_PATH_REDACTED]
case_08__rep_03,NEW_OFFICIAL_SAIR_SES_PASS2,[LOCAL_PATH_REDACTED]
case_15__rep_01,NEW_OFFICIAL_SAIR_SES_PASS2,[LOCAL_PATH_REDACTED]
case_15__rep_02,NEW_OFFICIAL_SAIR_SES_PASS2,[LOCAL_PATH_REDACTED]
case_15__rep_03,NEW_OFFICIAL_SAIR_SES_PASS2,[LOCAL_PATH_REDACTED]
case_18__rep_01,NEW_OFFICIAL_SAIR_SES_PASS2,[LOCAL_PATH_REDACTED]
case_18__rep_02,NEW_OFFICIAL_SAIR_SES_PASS2,[LOCAL_PATH_REDACTED]
case_18__rep_03,NEW_OFFICIAL_SAIR_SES_PASS2,[LOCAL_PATH_REDACTED]
case_22__rep_01,NEW_OFFICIAL_SAIR_SES_PASS2,[LOCAL_PATH_REDACTED]
case_22__rep_02,NEW_OFFICIAL_SAIR_SES_PASS2,[LOCAL_PATH_REDACTED]
case_22__rep_03,NEW_OFFICIAL_SAIR_SES_PASS2,[LOCAL_PATH_REDACTED]
case_29__rep_01,NEW_OFFICIAL_SAIR_SES_PASS2,[LOCAL_PATH_REDACTED]
case_29__rep_02,NEW_OFFICIAL_SAIR_SES_PASS2,[LOCAL_PATH_REDACTED]
case_29__rep_03,NEW_OFFICIAL_SAIR_SES_PASS2,[LOCAL_PATH_REDACTED]
case_30__rep_01,NEW_OFFICIAL_SAIR_SES_PASS2,[LOCAL_PATH_REDACTED]
case_30__rep_02,NEW_OFFICIAL_SAIR_SES_PASS2,[LOCAL_PATH_REDACTED]
case_30__rep_03,NEW_OFFICIAL_SAIR_SES_PASS2,[LOCAL_PATH_REDACTED]
