case_id,ordering,replicate_id,pool,block,position,block_records,debate_citation_occurrences,debate_unique_cited_papers,debate_citation_share,debate_block_coverage,final_citation_occurrences,final_unique_cited_papers,final_citation_share,final_block_coverage
29,XYZ,1,A,X,front,168,84,35,0.7777777777777778,0.20833333333333334,13,8,0.5909090909090909,0.047619047619047616
29,XYZ,1,A,Y,middle,152,10,5,0.09259259259259259,0.03289473684210526,5,2,0.22727272727272727,0.013157894736842105
29,XYZ,1,A,Z,rear,180,14,7,0.12962962962962962,0.03888888888888889,4,2,0.18181818181818182,0.011111111111111112
29,XYZ,1,B,X,front,168,81,30,0.7788461538461539,0.17857142857142858,13,9,0.6842105263157895,0.05357142857142857
29,XYZ,1,B,Y,middle,161,14,6,0.1346153846153846,0.037267080745341616,4,3,0.21052631578947367,0.018633540372670808
29,XYZ,1,B,Z,rear,171,9,5,0.08653846153846154,0.029239766081871343,2,1,0.10526315789473684,0.005847953216374269
29,XYZ,2,A,X,front,168,86,43,0.819047619047619,0.25595238095238093,8,6,0.8888888888888888,0.03571428571428571
29,XYZ,2,A,Y,middle,152,10,8,0.09523809523809523,0.05263157894736842,1,1,0.1111111111111111,0.006578947368421052
29,XYZ,2,A,Z,rear,180,9,7,0.08571428571428572,0.03888888888888889,0,0,0.0,0.0
29,XYZ,2,B,X,front,168,86,28,0.8514851485148515,0.16666666666666666,24,12,0.8275862068965517,0.07142857142857142
29,XYZ,2,B,Y,middle,161,9,6,0.0891089108910891,0.037267080745341616,2,1,0.06896551724137931,0.006211180124223602
29,XYZ,2,B,Z,rear,171,6,1,0.0594059405940594,0.005847953216374269,3,1,0.10344827586206896,0.005847953216374269
29,XYZ,3,A,X,front,168,58,28,0.7341772151898734,0.16666666666666666,6,4,0.5454545454545454,0.023809523809523808
29,XYZ,3,A,Y,middle,152,10,7,0.12658227848101267,0.046052631578947366,3,3,0.2727272727272727,0.019736842105263157
29,XYZ,3,A,Z,rear,180,11,7,0.13924050632911392,0.03888888888888889,2,2,0.18181818181818182,0.011111111111111112
29,XYZ,3,B,X,front,168,67,24,0.7790697674418605,0.14285714285714285,15,9,0.8333333333333334,0.05357142857142857
29,XYZ,3,B,Y,middle,161,12,6,0.13953488372093023,0.037267080745341616,2,2,0.1111111111111111,0.012422360248447204
29,XYZ,3,B,Z,rear,171,7,4,0.08139534883720931,0.023391812865497075,1,1,0.05555555555555555,0.005847953216374269
29,YZX,1,A,X,rear,168,63,34,0.7875,0.20238095238095238,10,4,0.8333333333333334,0.023809523809523808
29,YZX,1,A,Y,front,152,5,3,0.0625,0.019736842105263157,2,1,0.16666666666666666,0.006578947368421052
29,YZX,1,A,Z,middle,180,12,9,0.15,0.05,0,0,0.0,0.0
29,YZX,1,B,X,rear,168,45,27,0.5769230769230769,0.16071428571428573,8,3,0.47058823529411764,0.017857142857142856
29,YZX,1,B,Y,front,161,18,13,0.23076923076923078,0.08074534161490683,5,2,0.29411764705882354,0.012422360248447204
29,YZX,1,B,Z,middle,171,15,7,0.19230769230769232,0.04093567251461988,4,1,0.23529411764705882,0.005847953216374269
29,YZX,2,A,X,rear,168,83,45,0.83,0.26785714285714285,13,7,0.7222222222222222,0.041666666666666664
29,YZX,2,A,Y,front,152,4,3,0.04,0.019736842105263157,2,1,0.1111111111111111,0.006578947368421052
29,YZX,2,A,Z,middle,180,13,8,0.13,0.044444444444444446,3,1,0.16666666666666666,0.005555555555555556
29,YZX,2,B,X,rear,168,58,31,0.7341772151898734,0.18452380952380953,9,5,0.5625,0.02976190476190476
29,YZX,2,B,Y,front,161,13,9,0.16455696202531644,0.055900621118012424,0,0,0.0,0.0
29,YZX,2,B,Z,middle,171,8,3,0.10126582278481013,0.017543859649122806,7,2,0.4375,0.011695906432748537
29,YZX,3,A,X,rear,168,91,41,0.7982456140350878,0.24404761904761904,14,9,0.7777777777777778,0.05357142857142857
29,YZX,3,A,Y,front,152,12,6,0.10526315789473684,0.039473684210526314,2,1,0.1111111111111111,0.006578947368421052
29,YZX,3,A,Z,middle,180,11,7,0.09649122807017543,0.03888888888888889,2,1,0.1111111111111111,0.005555555555555556
29,YZX,3,B,X,rear,168,59,23,0.5514018691588785,0.13690476190476192,15,11,0.8823529411764706,0.06547619047619048
29,YZX,3,B,Y,front,161,38,19,0.35514018691588783,0.11801242236024845,2,2,0.11764705882352941,0.012422360248447204
29,YZX,3,B,Z,middle,171,10,5,0.09345794392523364,0.029239766081871343,0,0,0.0,0.0
29,ZXY,1,A,X,middle,168,91,49,0.8198198198198198,0.2916666666666667,10,10,0.9090909090909091,0.05952380952380952
29,ZXY,1,A,Y,rear,152,7,4,0.06306306306306306,0.02631578947368421,1,1,0.09090909090909091,0.006578947368421052
29,ZXY,1,A,Z,front,180,13,8,0.11711711711711711,0.044444444444444446,0,0,0.0,0.0
29,ZXY,1,B,X,middle,168,57,33,0.5876288659793815,0.19642857142857142,6,6,0.375,0.03571428571428571
29,ZXY,1,B,Y,rear,161,24,16,0.24742268041237114,0.09937888198757763,6,6,0.375,0.037267080745341616
29,ZXY,1,B,Z,front,171,16,9,0.16494845360824742,0.05263157894736842,4,3,0.25,0.017543859649122806
29,ZXY,2,A,X,middle,168,89,40,0.8090909090909091,0.23809523809523808,3,2,0.5,0.011904761904761904
29,ZXY,2,A,Y,rear,152,9,4,0.08181818181818182,0.02631578947368421,1,1,0.16666666666666666,0.006578947368421052
29,ZXY,2,A,Z,front,180,12,6,0.10909090909090909,0.03333333333333333,2,2,0.3333333333333333,0.011111111111111112
29,ZXY,2,B,X,middle,168,76,29,0.7238095238095238,0.17261904761904762,9,7,0.8181818181818182,0.041666666666666664
29,ZXY,2,B,Y,rear,161,19,12,0.18095238095238095,0.07453416149068323,1,1,0.09090909090909091,0.006211180124223602
29,ZXY,2,B,Z,front,171,10,6,0.09523809523809523,0.03508771929824561,1,1,0.09090909090909091,0.005847953216374269
29,ZXY,3,A,X,middle,168,72,36,0.7912087912087912,0.21428571428571427,14,9,0.9333333333333333,0.05357142857142857
29,ZXY,3,A,Y,rear,152,10,8,0.10989010989010989,0.05263157894736842,1,1,0.06666666666666667,0.006578947368421052
29,ZXY,3,A,Z,front,180,9,6,0.0989010989010989,0.03333333333333333,0,0,0.0,0.0
29,ZXY,3,B,X,middle,168,37,25,0.5138888888888888,0.1488095238095238,13,7,0.6190476190476191,0.041666666666666664
29,ZXY,3,B,Y,rear,161,15,10,0.20833333333333334,0.062111801242236024,4,2,0.19047619047619047,0.012422360248447204
29,ZXY,3,B,Z,front,171,20,10,0.2777777777777778,0.05847953216374269,4,2,0.19047619047619047,0.011695906432748537
1,XYZ,1,A,X,front,159,82,28,0.780952380952381,0.1761006289308176,8,6,0.6666666666666666,0.03773584905660377
1,XYZ,1,A,Y,middle,170,13,7,0.12380952380952381,0.041176470588235294,0,0,0.0,0.0
1,XYZ,1,A,Z,rear,171,10,7,0.09523809523809523,0.04093567251461988,4,2,0.3333333333333333,0.011695906432748537
1,XYZ,1,B,X,front,173,100,39,0.9259259259259259,0.2254335260115607,27,17,0.9,0.09826589595375723
1,XYZ,1,B,Y,middle,155,4,2,0.037037037037037035,0.012903225806451613,0,0,0.0,0.0
1,XYZ,1,B,Z,rear,172,4,3,0.037037037037037035,0.01744186046511628,3,1,0.1,0.005813953488372093
1,XYZ,2,A,X,front,159,52,18,0.7761194029850746,0.11320754716981132,12,8,0.8571428571428571,0.050314465408805034
1,XYZ,2,A,Y,middle,170,9,5,0.13432835820895522,0.029411764705882353,0,0,0.0,0.0
1,XYZ,2,A,Z,rear,171,6,4,0.08955223880597014,0.023391812865497075,2,1,0.14285714285714285,0.005847953216374269
1,XYZ,2,B,X,front,173,116,41,0.9666666666666667,0.23699421965317918,9,9,0.9,0.05202312138728324
1,XYZ,2,B,Y,middle,155,1,1,0.008333333333333333,0.0064516129032258064,1,1,0.1,0.0064516129032258064
1,XYZ,2,B,Z,rear,172,3,3,0.025,0.01744186046511628,0,0,0.0,0.0
1,XYZ,3,A,X,front,159,55,22,0.6962025316455697,0.13836477987421383,4,3,0.8,0.018867924528301886
1,XYZ,3,A,Y,middle,170,15,8,0.189873417721519,0.047058823529411764,0,0,0.0,0.0
1,XYZ,3,A,Z,rear,171,9,7,0.11392405063291139,0.04093567251461988,1,1,0.2,0.005847953216374269
1,XYZ,3,B,X,front,173,99,32,0.9,0.18497109826589594,14,12,0.7777777777777778,0.06936416184971098
1,XYZ,3,B,Y,middle,155,5,2,0.045454545454545456,0.012903225806451613,2,1,0.1111111111111111,0.0064516129032258064
1,XYZ,3,B,Z,rear,172,6,3,0.05454545454545454,0.01744186046511628,2,1,0.1111111111111111,0.005813953488372093
1,YZX,1,A,X,rear,159,45,19,0.569620253164557,0.11949685534591195,10,7,0.5,0.0440251572327044
1,YZX,1,A,Y,front,170,20,11,0.25316455696202533,0.06470588235294118,6,4,0.3,0.023529411764705882
1,YZX,1,A,Z,middle,171,14,8,0.17721518987341772,0.04678362573099415,4,2,0.2,0.011695906432748537
1,YZX,1,B,X,rear,173,92,36,0.9484536082474226,0.20809248554913296,13,8,0.8666666666666667,0.046242774566473986
1,YZX,1,B,Y,front,155,4,3,0.041237113402061855,0.01935483870967742,2,2,0.13333333333333333,0.012903225806451613
1,YZX,1,B,Z,middle,172,1,1,0.010309278350515464,0.005813953488372093,0,0,0.0,0.0
1,YZX,2,A,X,rear,159,42,20,0.4772727272727273,0.12578616352201258,6,4,0.3157894736842105,0.025157232704402517
1,YZX,2,A,Y,front,170,32,15,0.36363636363636365,0.08823529411764706,9,4,0.47368421052631576,0.023529411764705882
1,YZX,2,A,Z,middle,171,14,8,0.1590909090909091,0.04678362573099415,4,2,0.21052631578947367,0.011695906432748537
1,YZX,2,B,X,rear,173,92,36,0.9292929292929293,0.20809248554913296,9,6,1.0,0.03468208092485549
1,YZX,2,B,Y,front,155,5,4,0.050505050505050504,0.025806451612903226,0,0,0.0,0.0
1,YZX,2,B,Z,middle,172,2,2,0.020202020202020204,0.011627906976744186,0,0,0.0,0.0
1,YZX,3,A,X,rear,159,54,27,0.5684210526315789,0.16981132075471697,10,6,0.5882352941176471,0.03773584905660377
1,YZX,3,A,Y,front,170,23,10,0.24210526315789474,0.058823529411764705,3,2,0.17647058823529413,0.011764705882352941
1,YZX,3,A,Z,middle,171,18,9,0.18947368421052632,0.05263157894736842,4,2,0.23529411764705882,0.011695906432748537
1,YZX,3,B,X,rear,173,86,36,0.9347826086956522,0.20809248554913296,8,8,0.7272727272727273,0.046242774566473986
1,YZX,3,B,Y,front,155,4,3,0.043478260869565216,0.01935483870967742,3,2,0.2727272727272727,0.012903225806451613
1,YZX,3,B,Z,middle,172,2,2,0.021739130434782608,0.011627906976744186,0,0,0.0,0.0
1,ZXY,1,A,X,middle,159,24,14,0.3582089552238806,0.0880503144654088,3,2,0.42857142857142855,0.012578616352201259
1,ZXY,1,A,Y,rear,170,19,6,0.2835820895522388,0.03529411764705882,2,2,0.2857142857142857,0.011764705882352941
1,ZXY,1,A,Z,front,171,24,10,0.3582089552238806,0.05847953216374269,2,2,0.2857142857142857,0.011695906432748537
1,ZXY,1,B,X,middle,173,96,38,0.8571428571428571,0.21965317919075145,8,6,0.8888888888888888,0.03468208092485549
1,ZXY,1,B,Y,rear,155,12,2,0.10714285714285714,0.012903225806451613,1,1,0.1111111111111111,0.0064516129032258064
1,ZXY,1,B,Z,front,172,4,1,0.03571428571428571,0.005813953488372093,0,0,0.0,0.0
1,ZXY,2,A,X,middle,159,31,15,0.3875,0.09433962264150944,3,3,0.375,0.018867924528301886
1,ZXY,2,A,Y,rear,170,21,11,0.2625,0.06470588235294118,1,1,0.125,0.0058823529411764705
1,ZXY,2,A,Z,front,171,28,13,0.35,0.07602339181286549,4,3,0.5,0.017543859649122806
1,ZXY,2,B,X,middle,173,93,33,0.9029126213592233,0.1907514450867052,10,8,0.8333333333333334,0.046242774566473986
1,ZXY,2,B,Y,rear,155,6,5,0.05825242718446602,0.03225806451612903,0,0,0.0,0.0
1,ZXY,2,B,Z,front,172,4,2,0.038834951456310676,0.011627906976744186,2,1,0.16666666666666666,0.005813953488372093
1,ZXY,3,A,X,middle,159,23,11,0.27710843373493976,0.06918238993710692,2,2,0.25,0.012578616352201259
1,ZXY,3,A,Y,rear,170,25,8,0.30120481927710846,0.047058823529411764,1,1,0.125,0.0058823529411764705
1,ZXY,3,A,Z,front,171,35,15,0.42168674698795183,0.08771929824561403,5,3,0.625,0.017543859649122806
1,ZXY,3,B,X,middle,173,94,35,0.8623853211009175,0.2023121387283237,13,11,0.7647058823529411,0.06358381502890173
1,ZXY,3,B,Y,rear,155,8,6,0.07339449541284404,0.03870967741935484,1,1,0.058823529411764705,0.0064516129032258064
1,ZXY,3,B,Z,front,172,7,2,0.06422018348623854,0.011627906976744186,3,2,0.17647058823529413,0.011627906976744186
30,XYZ,1,A,X,front,167,106,41,1.0,0.24550898203592814,16,9,1.0,0.05389221556886228
30,XYZ,1,A,Y,middle,185,0,0,0.0,0.0,0,0,0.0,0.0
30,XYZ,1,A,Z,rear,148,0,0,0.0,0.0,0,0,0.0,0.0
30,XYZ,1,B,X,front,169,48,22,0.5783132530120482,0.1301775147928994,7,2,0.3888888888888889,0.011834319526627219
30,XYZ,1,B,Y,middle,165,17,7,0.20481927710843373,0.04242424242424243,4,2,0.2222222222222222,0.012121212121212121
30,XYZ,1,B,Z,rear,166,18,10,0.21686746987951808,0.060240963855421686,7,4,0.3888888888888889,0.024096385542168676
30,XYZ,2,A,X,front,167,117,39,0.975,0.23353293413173654,16,11,1.0,0.0658682634730539
30,XYZ,2,A,Y,middle,185,2,1,0.016666666666666666,0.005405405405405406,0,0,0.0,0.0
30,XYZ,2,A,Z,rear,148,1,1,0.008333333333333333,0.006756756756756757,0,0,0.0,0.0
30,XYZ,2,B,X,front,169,73,25,0.7849462365591398,0.14792899408284024,15,7,0.8333333333333334,0.04142011834319527
30,XYZ,2,B,Y,middle,165,12,7,0.12903225806451613,0.04242424242424243,2,2,0.1111111111111111,0.012121212121212121
30,XYZ,2,B,Z,rear,166,8,5,0.08602150537634409,0.030120481927710843,1,1,0.05555555555555555,0.006024096385542169
30,XYZ,3,A,X,front,167,93,33,1.0,0.19760479041916168,15,11,1.0,0.0658682634730539
30,XYZ,3,A,Y,middle,185,0,0,0.0,0.0,0,0,0.0,0.0
30,XYZ,3,A,Z,rear,148,0,0,0.0,0.0,0,0,0.0,0.0
30,XYZ,3,B,X,front,169,50,22,0.6024096385542169,0.1301775147928994,21,9,0.8076923076923077,0.05325443786982249
30,XYZ,3,B,Y,middle,165,15,10,0.18072289156626506,0.06060606060606061,2,1,0.07692307692307693,0.006060606060606061
30,XYZ,3,B,Z,rear,166,18,11,0.21686746987951808,0.06626506024096386,3,2,0.11538461538461539,0.012048192771084338
30,YZX,1,A,X,rear,167,97,40,0.9603960396039604,0.23952095808383234,11,6,1.0,0.03592814371257485
30,YZX,1,A,Y,front,185,2,2,0.019801980198019802,0.010810810810810811,0,0,0.0,0.0
30,YZX,1,A,Z,middle,148,2,2,0.019801980198019802,0.013513513513513514,0,0,0.0,0.0
30,YZX,1,B,X,rear,169,27,13,0.34177215189873417,0.07692307692307693,5,3,0.2631578947368421,0.01775147928994083
30,YZX,1,B,Y,front,165,32,7,0.4050632911392405,0.04242424242424243,8,2,0.42105263157894735,0.012121212121212121
30,YZX,1,B,Z,middle,166,20,11,0.25316455696202533,0.06626506024096386,6,4,0.3157894736842105,0.024096385542168676
30,YZX,2,A,X,rear,167,83,40,0.9540229885057471,0.23952095808383234,24,12,0.9230769230769231,0.0718562874251497
30,YZX,2,A,Y,front,185,4,3,0.04597701149425287,0.016216216216216217,2,2,0.07692307692307693,0.010810810810810811
30,YZX,2,A,Z,middle,148,0,0,0.0,0.0,0,0,0.0,0.0
30,YZX,2,B,X,rear,169,41,14,0.7321428571428571,0.08284023668639054,8,5,0.7272727272727273,0.029585798816568046
30,YZX,2,B,Y,front,165,8,5,0.14285714285714285,0.030303030303030304,2,2,0.18181818181818182,0.012121212121212121
30,YZX,2,B,Z,middle,166,7,6,0.125,0.03614457831325301,1,1,0.09090909090909091,0.006024096385542169
30,YZX,3,A,X,rear,167,98,35,0.9333333333333333,0.20958083832335328,10,10,1.0,0.059880239520958084
30,YZX,3,A,Y,front,185,6,4,0.05714285714285714,0.021621621621621623,0,0,0.0,0.0
30,YZX,3,A,Z,middle,148,1,1,0.009523809523809525,0.006756756756756757,0,0,0.0,0.0
30,YZX,3,B,X,rear,169,35,14,0.5303030303030303,0.08284023668639054,13,4,0.5,0.023668639053254437
30,YZX,3,B,Y,front,165,18,3,0.2727272727272727,0.01818181818181818,9,2,0.34615384615384615,0.012121212121212121
30,YZX,3,B,Z,middle,166,13,6,0.19696969696969696,0.03614457831325301,4,2,0.15384615384615385,0.012048192771084338
30,ZXY,1,A,X,middle,167,90,33,0.9782608695652174,0.19760479041916168,19,11,1.0,0.0658682634730539
30,ZXY,1,A,Y,rear,185,2,2,0.021739130434782608,0.010810810810810811,0,0,0.0,0.0
30,ZXY,1,A,Z,front,148,0,0,0.0,0.0,0,0,0.0,0.0
30,ZXY,1,B,X,middle,169,15,11,0.19480519480519481,0.0650887573964497,4,1,0.19047619047619047,0.005917159763313609
30,ZXY,1,B,Y,rear,165,24,11,0.3116883116883117,0.06666666666666667,8,4,0.38095238095238093,0.024242424242424242
30,ZXY,1,B,Z,front,166,38,19,0.4935064935064935,0.1144578313253012,9,5,0.42857142857142855,0.030120481927710843
30,ZXY,2,A,X,middle,167,101,38,0.9528301886792453,0.2275449101796407,31,17,0.96875,0.10179640718562874
30,ZXY,2,A,Y,rear,185,4,2,0.03773584905660377,0.010810810810810811,1,1,0.03125,0.005405405405405406
30,ZXY,2,A,Z,front,148,1,1,0.009433962264150943,0.006756756756756757,0,0,0.0,0.0
30,ZXY,2,B,X,middle,169,42,13,0.46153846153846156,0.07692307692307693,2,2,0.3333333333333333,0.011834319526627219
30,ZXY,2,B,Y,rear,165,26,13,0.2857142857142857,0.07878787878787878,2,2,0.3333333333333333,0.012121212121212121
30,ZXY,2,B,Z,front,166,23,14,0.25274725274725274,0.08433734939759036,2,2,0.3333333333333333,0.012048192771084338
30,ZXY,3,A,X,middle,167,117,44,0.975,0.2634730538922156,35,17,1.0,0.10179640718562874
30,ZXY,3,A,Y,rear,185,2,2,0.016666666666666666,0.010810810810810811,0,0,0.0,0.0
30,ZXY,3,A,Z,front,148,1,1,0.008333333333333333,0.006756756756756757,0,0,0.0,0.0
30,ZXY,3,B,X,middle,169,22,15,0.24444444444444444,0.08875739644970414,0,0,0.0,0.0
30,ZXY,3,B,Y,rear,165,26,18,0.28888888888888886,0.10909090909090909,2,2,0.5,0.012121212121212121
30,ZXY,3,B,Z,front,166,42,19,0.4666666666666667,0.1144578313253012,2,2,0.5,0.012048192771084338
2,XYZ,1,A,X,front,185,66,17,0.9428571428571428,0.0918918918918919,9,5,0.9,0.02702702702702703
2,XYZ,1,A,Y,middle,178,0,0,0.0,0.0,0,0,0.0,0.0
2,XYZ,1,A,Z,rear,137,4,1,0.05714285714285714,0.0072992700729927005,1,1,0.1,0.0072992700729927005
2,XYZ,1,B,X,front,161,95,26,0.95,0.16149068322981366,27,14,0.9310344827586207,0.08695652173913043
2,XYZ,1,B,Y,middle,172,5,4,0.05,0.023255813953488372,2,2,0.06896551724137931,0.011627906976744186
2,XYZ,1,B,Z,rear,167,0,0,0.0,0.0,0,0,0.0,0.0
2,XYZ,2,A,X,front,185,56,14,0.8888888888888888,0.07567567567567568,14,7,1.0,0.03783783783783784
2,XYZ,2,A,Y,middle,178,1,1,0.015873015873015872,0.0056179775280898875,0,0,0.0,0.0
2,XYZ,2,A,Z,rear,137,6,1,0.09523809523809523,0.0072992700729927005,0,0,0.0,0.0
2,XYZ,2,B,X,front,161,56,20,0.9333333333333333,0.12422360248447205,18,8,0.9,0.049689440993788817
2,XYZ,2,B,Y,middle,172,3,3,0.05,0.01744186046511628,2,1,0.1,0.005813953488372093
2,XYZ,2,B,Z,rear,167,1,1,0.016666666666666666,0.005988023952095809,0,0,0.0,0.0
2,XYZ,3,A,X,front,185,60,14,0.9375,0.07567567567567568,4,4,1.0,0.021621621621621623
2,XYZ,3,A,Y,middle,178,1,1,0.015625,0.0056179775280898875,0,0,0.0,0.0
2,XYZ,3,A,Z,rear,137,3,1,0.046875,0.0072992700729927005,0,0,0.0,0.0
2,XYZ,3,B,X,front,161,66,20,0.8461538461538461,0.12422360248447205,17,8,0.8095238095238095,0.049689440993788817
2,XYZ,3,B,Y,middle,172,9,5,0.11538461538461539,0.029069767441860465,4,2,0.19047619047619047,0.011627906976744186
2,XYZ,3,B,Z,rear,167,3,1,0.038461538461538464,0.005988023952095809,0,0,0.0,0.0
2,YZX,1,A,X,rear,185,43,18,0.8113207547169812,0.0972972972972973,3,2,1.0,0.010810810810810811
2,YZX,1,A,Y,front,178,0,0,0.0,0.0,0,0,0.0,0.0
2,YZX,1,A,Z,middle,137,10,2,0.18867924528301888,0.014598540145985401,0,0,0.0,0.0
2,YZX,1,B,X,rear,161,60,21,0.8450704225352113,0.13043478260869565,4,3,1.0,0.018633540372670808
2,YZX,1,B,Y,front,172,9,5,0.1267605633802817,0.029069767441860465,0,0,0.0,0.0
2,YZX,1,B,Z,middle,167,2,2,0.028169014084507043,0.011976047904191617,0,0,0.0,0.0
2,YZX,2,A,X,rear,185,64,24,0.9142857142857143,0.12972972972972974,8,4,0.8,0.021621621621621623
2,YZX,2,A,Y,front,178,1,1,0.014285714285714285,0.0056179775280898875,0,0,0.0,0.0
2,YZX,2,A,Z,middle,137,5,2,0.07142857142857142,0.014598540145985401,2,1,0.2,0.0072992700729927005
2,YZX,2,B,X,rear,161,35,14,0.42168674698795183,0.08695652173913043,5,4,0.38461538461538464,0.024844720496894408
2,YZX,2,B,Y,front,172,48,11,0.5783132530120482,0.06395348837209303,8,6,0.6153846153846154,0.03488372093023256
2,YZX,2,B,Z,middle,167,0,0,0.0,0.0,0,0,0.0,0.0
2,YZX,3,A,X,rear,185,60,16,0.8450704225352113,0.08648648648648649,13,8,0.8125,0.043243243243243246
2,YZX,3,A,Y,front,178,2,2,0.028169014084507043,0.011235955056179775,1,1,0.0625,0.0056179775280898875
2,YZX,3,A,Z,middle,137,9,1,0.1267605633802817,0.0072992700729927005,2,1,0.125,0.0072992700729927005
2,YZX,3,B,X,rear,161,37,11,0.43529411764705883,0.06832298136645963,13,6,0.7647058823529411,0.037267080745341616
2,YZX,3,B,Y,front,172,45,7,0.5294117647058824,0.040697674418604654,4,3,0.23529411764705882,0.01744186046511628
2,YZX,3,B,Z,middle,167,3,2,0.03529411764705882,0.011976047904191617,0,0,0.0,0.0
2,ZXY,1,A,X,middle,185,80,21,0.8695652173913043,0.11351351351351352,16,10,0.9411764705882353,0.05405405405405406
2,ZXY,1,A,Y,rear,178,4,4,0.043478260869565216,0.02247191011235955,1,1,0.058823529411764705,0.0056179775280898875
2,ZXY,1,A,Z,front,137,8,3,0.08695652173913043,0.021897810218978103,0,0,0.0,0.0
2,ZXY,1,B,X,middle,161,106,35,0.7910447761194029,0.21739130434782608,18,9,0.6666666666666666,0.055900621118012424
2,ZXY,1,B,Y,rear,172,24,7,0.1791044776119403,0.040697674418604654,9,4,0.3333333333333333,0.023255813953488372
2,ZXY,1,B,Z,front,167,4,3,0.029850746268656716,0.017964071856287425,0,0,0.0,0.0
2,ZXY,2,A,X,middle,185,38,17,0.7307692307692307,0.0918918918918919,6,4,0.8571428571428571,0.021621621621621623
2,ZXY,2,A,Y,rear,178,2,2,0.038461538461538464,0.011235955056179775,0,0,0.0,0.0
2,ZXY,2,A,Z,front,137,12,2,0.23076923076923078,0.014598540145985401,1,1,0.14285714285714285,0.0072992700729927005
2,ZXY,2,B,X,middle,161,90,23,0.8910891089108911,0.14285714285714285,21,9,0.875,0.055900621118012424
2,ZXY,2,B,Y,rear,172,11,6,0.10891089108910891,0.03488372093023256,3,2,0.125,0.011627906976744186
2,ZXY,2,B,Z,front,167,0,0,0.0,0.0,0,0,0.0,0.0
2,ZXY,3,A,X,middle,185,44,20,0.7719298245614035,0.10810810810810811,5,5,0.8333333333333334,0.02702702702702703
2,ZXY,3,A,Y,rear,178,3,2,0.05263157894736842,0.011235955056179775,0,0,0.0,0.0
2,ZXY,3,A,Z,front,137,10,1,0.17543859649122806,0.0072992700729927005,1,1,0.16666666666666666,0.0072992700729927005
2,ZXY,3,B,X,middle,161,90,36,0.8737864077669902,0.2236024844720497,29,11,0.7631578947368421,0.06832298136645963
2,ZXY,3,B,Y,rear,172,8,6,0.07766990291262135,0.03488372093023256,6,3,0.15789473684210525,0.01744186046511628
2,ZXY,3,B,Z,front,167,5,2,0.04854368932038835,0.011976047904191617,3,1,0.07894736842105263,0.005988023952095809
