case_id,position,nested_pool_block_units,debate_citation_occurrences,debate_unique_cited_papers,debate_citation_share,debate_block_coverage,final_citation_occurrences,final_unique_cited_papers,final_citation_share,final_block_coverage
1,front,6,38.55555555555556,14.944444444444445,0.4060365910876248,0.0890358124713429,6.277777777777778,4.444444444444445,0.44509190261254244,0.02641260474473558
1,middle,6,25.5,11.166666666666668,0.2645624786827169,0.06608126729114895,3.0,2.2222222222222223,0.24430172653856863,0.013140265158757379
1,rear,6,30.0,13.277777777777779,0.32940093022965833,0.07932724037952629,4.111111111111111,2.8333333333333335,0.3106063708488889,0.016974345914717383
2,front,6,30.166666666666664,8.222222222222221,0.40817957251612663,0.04874954080318134,5.944444444444445,3.2777777777777777,0.3801226779588315,0.01951955629081747
2,middle,6,27.555555555555554,9.722222222222221,0.31252215047779397,0.05771201601558465,5.944444444444445,3.0555555555555554,0.3122732738991947,0.0181386241051685
2,rear,6,20.444444444444443,7.555555555555555,0.2792982770060794,0.0438061441030421,3.6666666666666665,2.111111111111111,0.30760404814197384,0.01231465812705633
29,front,6,35.111111111111114,15.88888888888889,0.3645392595086974,0.09499796189346152,5.722222222222222,3.5,0.3353197111826698,0.02091637104032222
29,middle,6,30.88888888888889,16.055555555555554,0.31592453507912943,0.09590764350489751,4.888888888888889,3.2222222222222223,0.33927442390731066,0.019413519709095606
29,rear,6,29.944444444444443,15.88888888888889,0.31953620541217315,0.09515904293745636,5.277777777777778,3.2222222222222223,0.32540586491001955,0.01930813345763765
30,front,6,36.77777777777778,14.444444444444445,0.39527368845567157,0.08618083307638395,6.888888888888888,3.666666666666667,0.40654261268296354,0.021862718494385654
30,middle,6,26.444444444444446,11.38888888888889,0.27458779422733315,0.06828202351432999,6.111111111111111,3.3333333333333335,0.24796448069474386,0.01998245900755987
30,rear,6,28.333333333333336,12.833333333333334,0.3301385173169953,0.07675485858586756,5.277777777777778,3.111111111111111,0.3454929066222926,0.018596084244860835
