metric,contrast_tier,comparison,analysis_unit,n_cases,left_mean,right_mean,mean_difference,bootstrap_95ci_low,bootstrap_95ci_high,wins,ties,losses,wilcoxon_statistic,p_value_raw,sign_flip_p_exact,p_value_holm_within_metric
final_pooled_citation_occurrences,primary,front_minus_middle,case mean; n=4 paired cases,4,12.694444444444445,10.805555555555555,1.8888888888888893,0.5,3.3888888888888893,3,1,0,0.0,0.25,0.25,0.5
final_pooled_citation_occurrences,primary,rear_minus_middle,case mean; n=4 paired cases,4,9.75,10.805555555555555,-1.0555555555555554,-2.3888888888888884,0.2777777777777777,1,0,3,2.0,0.375,0.375,0.5
final_pooled_citation_occurrences,secondary,front_minus_rear,case mean; n=4 paired cases,4,12.694444444444445,9.75,2.9444444444444446,1.7222222222222232,3.9444444444444438,4,0,0,0.0,0.125,0.125,0.375
final_pooled_citation_share,primary,front_minus_middle,case mean; n=4 paired cases,4,0.38268910642052656,0.3130651145901102,0.06962399183041638,0.019275564854762603,0.1335743188311046,4,0,0,0.0,0.125,0.125,0.375
final_pooled_citation_share,primary,rear_minus_middle,case mean; n=4 paired cases,4,0.3042457789893632,0.3130651145901102,-0.008819335600747005,-0.020918945645156478,0.005186777173515081,1,0,3,2.0,0.375,0.375,0.375
final_pooled_citation_share,secondary,front_minus_rear,case mean; n=4 paired cases,4,0.38268910642052656,0.3042457789893632,0.07844332743116339,0.03126244443440536,0.12838754165758953,4,0,0,0.0,0.125,0.125,0.375
final_pooled_unique_numeric_ids,primary,front_minus_middle,case mean; n=4 paired cases,4,7.305555555555555,6.0,1.3055555555555556,0.44444444444444464,2.9444444444444446,4,0,0,0.0,0.125,0.125,0.375
final_pooled_unique_numeric_ids,primary,rear_minus_middle,case mean; n=4 paired cases,4,5.583333333333333,6.0,-0.41666666666666674,-1.0555555555555554,0.24999999999999978,1,0,3,2.0,0.375,0.375,0.375
final_pooled_unique_numeric_ids,secondary,front_minus_rear,case mean; n=4 paired cases,4,7.305555555555555,5.583333333333333,1.7222222222222223,0.9444444444444446,2.7222222222222223,4,0,0,0.0,0.125,0.125,0.375
final_pooled_unique_papers_min,primary,front_minus_middle,case mean; n=4 paired cases,4,7.472222222222222,6.138888888888889,1.3333333333333333,0.5,2.8888888888888893,4,0,0,0.0,0.125,0.125,0.375
final_pooled_unique_papers_min,primary,rear_minus_middle,case mean; n=4 paired cases,4,5.833333333333334,6.138888888888889,-0.3055555555555556,-0.9999999999999998,0.30555555555555536,1,1,2,3.0,0.75,0.75,0.75
final_pooled_unique_papers_min,secondary,front_minus_rear,case mean; n=4 paired cases,4,7.472222222222222,5.833333333333334,1.6388888888888888,0.833333333333333,2.6111111111111116,4,0,0,0.0,0.125,0.125,0.375
final_pooled_unique_papers_max,primary,front_minus_middle,case mean; n=4 paired cases,4,7.638888888888889,6.416666666666667,1.222222222222222,0.5,2.5,4,0,0,0.0,0.125,0.125,0.375
final_pooled_unique_papers_max,primary,rear_minus_middle,case mean; n=4 paired cases,4,6.083333333333334,6.416666666666667,-0.33333333333333326,-0.6111111111111112,-0.05555555555555536,0,1,3,0.0,0.25,0.25,0.375
final_pooled_unique_papers_max,secondary,front_minus_rear,case mean; n=4 paired cases,4,7.638888888888889,6.083333333333334,1.5555555555555554,0.8055555555555551,2.6944444444444446,4,0,0,0.0,0.125,0.125,0.375
