case_id,ordering,replicate_id,position,final_pooled_citation_occurrences,final_pooled_citation_share,final_pooled_unique_numeric_ids,final_pooled_unique_papers_min,final_pooled_unique_papers_max,scoped_occurrences,unscoped_position_only_occurrences,total_final_citation_occurrences
29,XYZ,1,front,26,0.6341463414634146,17,17,17,26,0,41
29,XYZ,1,middle,9,0.21951219512195122,5,5,5,9,0,41
29,XYZ,1,rear,6,0.14634146341463414,3,3,3,6,0,41
29,XYZ,2,front,35,0.8536585365853658,16,18,19,32,3,41
29,XYZ,2,middle,3,0.07317073170731707,2,2,2,3,0,41
29,XYZ,2,rear,3,0.07317073170731707,1,1,1,3,0,41
29,XYZ,3,front,21,0.7241379310344828,13,13,13,21,0,29
29,XYZ,3,middle,5,0.1724137931034483,5,5,5,5,0,29
29,XYZ,3,rear,3,0.10344827586206896,3,3,3,3,0,29
29,YZX,1,front,7,0.2413793103448276,3,3,3,7,0,29
29,YZX,1,middle,4,0.13793103448275862,1,1,1,4,0,29
29,YZX,1,rear,18,0.6206896551724138,7,7,7,18,0,29
29,YZX,2,front,2,0.058823529411764705,1,1,1,2,0,34
29,YZX,2,middle,10,0.29411764705882354,3,3,3,10,0,34
29,YZX,2,rear,22,0.6470588235294118,12,12,12,22,0,34
29,YZX,3,front,4,0.11428571428571428,3,3,3,4,0,35
29,YZX,3,middle,2,0.05714285714285714,1,1,1,2,0,35
29,YZX,3,rear,29,0.8285714285714286,18,20,20,29,0,35
29,ZXY,1,front,4,0.14814814814814814,3,3,3,4,0,27
29,ZXY,1,middle,16,0.5925925925925926,15,16,16,16,0,27
29,ZXY,1,rear,7,0.25925925925925924,6,7,7,7,0,27
29,ZXY,2,front,3,0.17647058823529413,3,3,3,3,0,17
29,ZXY,2,middle,12,0.7058823529411765,9,9,9,12,0,17
29,ZXY,2,rear,2,0.11764705882352941,2,2,2,2,0,17
29,ZXY,3,front,4,0.1111111111111111,2,2,2,4,0,36
29,ZXY,3,middle,27,0.75,16,16,16,27,0,36
29,ZXY,3,rear,5,0.1388888888888889,3,3,3,5,0,36
1,XYZ,1,front,35,0.8333333333333334,23,23,23,35,0,42
1,XYZ,1,middle,0,0.0,0,0,0,0,0,42
1,XYZ,1,rear,7,0.16666666666666666,3,3,3,7,0,42
1,XYZ,2,front,21,0.875,15,17,17,21,0,24
1,XYZ,2,middle,1,0.041666666666666664,1,1,1,1,0,24
1,XYZ,2,rear,2,0.08333333333333333,1,1,1,2,0,24
1,XYZ,3,front,18,0.782608695652174,14,15,15,18,0,23
1,XYZ,3,middle,2,0.08695652173913043,1,1,1,2,0,23
1,XYZ,3,rear,3,0.13043478260869565,2,2,2,3,0,23
1,YZX,1,front,8,0.22857142857142856,6,6,6,8,0,35
1,YZX,1,middle,4,0.11428571428571428,2,2,2,4,0,35
1,YZX,1,rear,23,0.6571428571428571,13,15,15,23,0,35
1,YZX,2,front,9,0.32142857142857145,4,4,4,9,0,28
1,YZX,2,middle,4,0.14285714285714285,2,2,2,4,0,28
1,YZX,2,rear,15,0.5357142857142857,8,10,10,15,0,28
1,YZX,3,front,6,0.21428571428571427,4,4,4,6,0,28
1,YZX,3,middle,4,0.14285714285714285,2,2,2,4,0,28
1,YZX,3,rear,18,0.6428571428571429,14,14,14,18,0,28
1,ZXY,1,front,4,0.1111111111111111,2,2,4,2,2,36
1,ZXY,1,middle,24,0.6666666666666666,10,11,16,11,13,36
1,ZXY,1,rear,8,0.2222222222222222,3,3,6,3,5,36
1,ZXY,2,front,10,0.23809523809523808,4,4,7,6,4,42
1,ZXY,2,middle,29,0.6904761904761905,13,15,20,13,16,42
1,ZXY,2,rear,3,0.07142857142857142,2,2,3,1,2,42
1,ZXY,3,front,8,0.32,5,5,5,8,0,25
1,ZXY,3,middle,15,0.6,12,13,13,15,0,25
1,ZXY,3,rear,2,0.08,2,2,2,2,0,25
30,XYZ,1,front,23,0.6764705882352942,11,11,11,23,0,34
30,XYZ,1,middle,4,0.11764705882352941,2,2,2,4,0,34
30,XYZ,1,rear,7,0.20588235294117646,4,4,4,7,0,34
30,XYZ,2,front,31,0.9117647058823529,17,18,18,31,0,34
30,XYZ,2,middle,2,0.058823529411764705,2,2,2,2,0,34
30,XYZ,2,rear,1,0.029411764705882353,1,1,1,1,0,34
30,XYZ,3,front,36,0.8780487804878049,20,20,20,36,0,41
30,XYZ,3,middle,2,0.04878048780487805,1,1,1,2,0,41
30,XYZ,3,rear,3,0.07317073170731707,2,2,2,3,0,41
30,YZX,1,front,8,0.26666666666666666,2,2,2,8,0,30
30,YZX,1,middle,6,0.2,4,4,4,6,0,30
30,YZX,1,rear,16,0.5333333333333333,9,9,9,16,0,30
30,YZX,2,front,4,0.10810810810810811,4,4,4,4,0,37
30,YZX,2,middle,1,0.02702702702702703,1,1,1,1,0,37
30,YZX,2,rear,32,0.8648648648648649,15,17,17,32,0,37
30,YZX,3,front,9,0.25,2,2,2,9,0,36
30,YZX,3,middle,4,0.1111111111111111,2,2,2,4,0,36
30,YZX,3,rear,23,0.6388888888888888,14,14,14,23,0,36
30,ZXY,1,front,9,0.225,5,5,5,9,0,40
30,ZXY,1,middle,23,0.575,12,12,12,23,0,40
30,ZXY,1,rear,8,0.2,4,4,4,8,0,40
30,ZXY,2,front,2,0.05263157894736842,2,2,2,2,0,38
30,ZXY,2,middle,33,0.868421052631579,19,19,19,33,0,38
30,ZXY,2,rear,3,0.07894736842105263,3,3,3,3,0,38
30,ZXY,3,front,2,0.05128205128205128,2,2,2,2,0,39
30,ZXY,3,middle,35,0.8974358974358975,17,17,17,35,0,39
30,ZXY,3,rear,2,0.05128205128205128,2,2,2,2,0,39
2,XYZ,1,front,36,0.9230769230769231,19,19,19,36,0,39
2,XYZ,1,middle,2,0.05128205128205128,2,2,2,2,0,39
2,XYZ,1,rear,1,0.02564102564102564,1,1,1,1,0,39
2,XYZ,2,front,32,0.9411764705882353,15,15,15,32,0,34
2,XYZ,2,middle,2,0.058823529411764705,1,1,1,2,0,34
2,XYZ,2,rear,0,0.0,0,0,0,0,0,34
2,XYZ,3,front,21,0.84,12,12,12,21,0,25
2,XYZ,3,middle,4,0.16,2,2,2,4,0,25
2,XYZ,3,rear,0,0.0,0,0,0,0,0,25
2,YZX,1,front,1,0.043478260869565216,1,1,1,0,1,23
2,YZX,1,middle,1,0.043478260869565216,1,1,1,0,1,23
2,YZX,1,rear,21,0.9130434782608695,11,11,16,7,14,23
2,YZX,2,front,8,0.34782608695652173,6,6,6,8,0,23
2,YZX,2,middle,2,0.08695652173913043,1,1,1,2,0,23
2,YZX,2,rear,13,0.5652173913043478,8,8,8,13,0,23
2,YZX,3,front,5,0.15151515151515152,4,4,4,5,0,33
2,YZX,3,middle,2,0.06060606060606061,1,1,1,2,0,33
2,YZX,3,rear,26,0.7878787878787878,14,14,14,26,0,33
2,ZXY,1,front,0,0.0,0,0,0,0,0,44
2,ZXY,1,middle,34,0.7727272727272727,19,19,19,34,0,44
2,ZXY,1,rear,10,0.22727272727272727,5,5,5,10,0,44
2,ZXY,2,front,1,0.03225806451612903,1,1,1,1,0,31
2,ZXY,2,middle,27,0.8709677419354839,13,13,13,27,0,31
2,ZXY,2,rear,3,0.0967741935483871,2,2,2,3,0,31
2,ZXY,3,front,4,0.09090909090909091,2,2,2,4,0,44
2,ZXY,3,middle,34,0.7727272727272727,16,16,16,34,0,44
2,ZXY,3,rear,6,0.13636363636363635,3,3,3,6,0,44
