case_id,position,runs,final_pooled_citation_occurrences,final_pooled_citation_share,final_pooled_unique_numeric_ids,final_pooled_unique_papers_min,final_pooled_unique_papers_max,unscoped_position_only_occurrences
1,front,9,13.222222222222221,0.43604823249750785,8.555555555555555,8.88888888888889,9.444444444444445,6
1,middle,9,9.222222222222221,0.27619622728318377,4.777777777777778,5.222222222222222,6.333333333333333,29
1,rear,9,9.0,0.2877555402193083,5.333333333333333,5.777777777777778,6.222222222222222,7
2,front,9,12.0,0.3744711164924019,6.666666666666667,6.666666666666667,6.666666666666667,1
2,middle,9,12.0,0.3197298568109557,6.222222222222222,6.222222222222222,6.222222222222222,1
2,rear,9,8.88888888888889,0.3057990266966424,4.888888888888889,4.888888888888889,5.444444444444445,14
29,front,9,11.777777777777779,0.340240134513347,6.777777777777778,7.0,7.111111111111111,3
29,middle,9,9.777777777777779,0.33364035601676945,6.333333333333333,6.444444444444445,6.444444444444445,0
29,rear,9,10.555555555555555,0.32611950946988355,6.111111111111111,6.444444444444445,6.444444444444445,0
30,front,9,13.777777777777779,0.3799969421788496,7.222222222222222,7.333333333333333,7.333333333333333,0
30,middle,9,12.222222222222221,0.32269401824953187,6.666666666666667,6.666666666666667,6.666666666666667,0
30,rear,9,10.555555555555555,0.2973090395716185,6.0,6.222222222222222,6.222222222222222,0
