case_id,pool,block,position,replicates,debate_citation_occurrences,debate_unique_cited_papers,debate_citation_share,debate_block_coverage,final_citation_occurrences,final_unique_cited_papers,final_citation_share,final_block_coverage
1,A,X,front,3,63.0,22.666666666666668,0.7510914385276751,0.14255765199161424,8.0,5.666666666666667,0.7746031746031746,0.03563941299790356
1,A,X,middle,3,26.0,13.333333333333334,0.3409391296529401,0.08385744234800839,2.6666666666666665,2.3333333333333335,0.35119047619047616,0.014675052410901468
1,A,X,rear,3,47.0,22.0,0.5384380110229544,0.13836477987421383,8.666666666666666,5.666666666666667,0.4680082559339525,0.03563941299790356
1,A,Y,front,3,25.0,12.0,0.28630206125209456,0.07058823529411765,6.0,3.3333333333333335,0.31671826625386995,0.0196078431372549
1,A,Y,middle,3,12.333333333333334,6.666666666666667,0.1493370999133327,0.0392156862745098,0.0,0.0,0.0,0.0
1,A,Y,rear,3,21.666666666666668,8.333333333333334,0.2824289696097824,0.049019607843137254,1.3333333333333333,1.3333333333333333,0.17857142857142858,0.00784313725490196
1,A,Z,front,3,29.0,12.666666666666666,0.3766319007372775,0.07407407407407407,3.6666666666666665,2.6666666666666665,0.47023809523809523,0.015594541910331383
1,A,Z,middle,3,15.333333333333334,8.333333333333334,0.17525992772495105,0.04873294346978557,4.0,2.0,0.2152734778121775,0.011695906432748537
1,A,Z,rear,3,8.333333333333334,6.0,0.09957146155899226,0.03508771929824561,2.3333333333333335,1.3333333333333333,0.2253968253968254,0.007797270955165692
1,B,X,front,3,105.0,37.333333333333336,0.9308641975308642,0.21579961464354527,16.666666666666668,12.666666666666666,0.8592592592592593,0.07321772639691715
1,B,X,middle,3,94.33333333333333,35.333333333333336,0.8741469332009993,0.20423892100192678,10.333333333333334,8.333333333333334,0.8289760348583878,0.048169556840077066
1,B,X,rear,3,90.0,36.0,0.9375097154120013,0.20809248554913296,10.0,7.333333333333333,0.8646464646464647,0.04238921001926782
1,B,Y,front,3,4.333333333333333,3.3333333333333335,0.045073474925559194,0.021505376344086023,1.6666666666666667,1.3333333333333333,0.13535353535353534,0.008602150537634409
1,B,Y,middle,3,3.3333333333333335,1.6666666666666667,0.03027497194163861,0.010752688172043012,1.0,0.6666666666666666,0.07037037037037037,0.004301075268817204
1,B,Y,rear,3,8.666666666666666,4.333333333333333,0.0795965932467224,0.02795698924731183,0.6666666666666666,0.6666666666666666,0.05664488017429194,0.004301075268817204
1,B,Z,front,3,5.0,1.6666666666666667,0.046256473552278306,0.009689922480620155,1.6666666666666667,1.0,0.11437908496732026,0.005813953488372093
1,B,Z,middle,3,1.6666666666666667,1.6666666666666667,0.017416809662439425,0.009689922480620155,0.0,0.0,0.0,0.0
1,B,Z,rear,3,4.333333333333333,3.0,0.03886083052749719,0.01744186046511628,1.6666666666666667,0.6666666666666666,0.07037037037037037,0.003875968992248062
2,A,X,front,3,60.666666666666664,15.0,0.9230820105820106,0.08108108108108109,9.0,5.333333333333333,0.9666666666666667,0.02882882882882883
2,A,X,middle,3,54.0,19.333333333333332,0.7907547575739795,0.1045045045045045,9.0,6.333333333333333,0.8772175536881419,0.03423423423423424
2,A,X,rear,3,55.666666666666664,19.333333333333332,0.8568922971793023,0.1045045045045045,8.0,4.666666666666667,0.8708333333333333,0.025225225225225228
2,A,Y,front,3,1.0,1.0,0.01415157612340711,0.0056179775280898875,0.3333333333333333,0.3333333333333333,0.020833333333333332,0.0018726591760299626
2,A,Y,middle,3,0.6666666666666666,0.6666666666666666,0.010499338624338625,0.003745318352059925,0.0,0.0,0.0,0.0
2,A,Y,rear,3,3.0,2.6666666666666665,0.04485712609282403,0.0149812734082397,0.3333333333333333,0.3333333333333333,0.0196078431372549,0.0018726591760299626
2,A,Z,front,3,10.0,2.0,0.16438811633319642,0.014598540145985401,0.6666666666666666,0.6666666666666666,0.10317460317460317,0.004866180048661801
2,A,Z,middle,3,8.0,1.6666666666666667,0.12895612669729067,0.0121654501216545,1.3333333333333333,0.6666666666666666,0.10833333333333334,0.004866180048661801
2,A,Z,rear,3,4.333333333333333,1.0,0.0664186507936508,0.0072992700729927005,0.3333333333333333,0.3333333333333333,0.03333333333333333,0.0024330900243309003
2,B,X,front,3,72.33333333333333,22.0,0.9098290598290598,0.13664596273291926,20.666666666666668,10.0,0.8801860974274768,0.062111801242236024
2,B,X,middle,3,95.33333333333333,31.333333333333332,0.851973430932428,0.19461697722567287,22.666666666666668,9.666666666666666,0.7682748538011696,0.060041407867494824
2,B,X,rear,3,44.0,15.333333333333334,0.5673504290567406,0.09523809523809523,7.333333333333333,4.333333333333333,0.7164404223227753,0.026915113871635612
2,B,Y,front,3,34.0,7.666666666666667,0.41149519369940407,0.044573643410852716,4.0,3.0,0.28355957767722473,0.01744186046511628
2,B,Y,middle,3,5.666666666666667,4.0,0.0717948717948718,0.023255813953488372,2.6666666666666665,1.6666666666666667,0.11981390257252326,0.009689922480620155
2,B,Y,rear,3,14.333333333333334,6.333333333333333,0.12189509053789019,0.03682170542635659,6.0,3.0,0.20540935672514618,0.01744186046511628
2,B,Z,front,3,3.0,1.6666666666666667,0.026131478529681687,0.00998003992015968,1.0,0.3333333333333333,0.02631578947368421,0.0019960079840319364
2,B,Z,middle,3,1.6666666666666667,1.3333333333333333,0.02115437724385529,0.007984031936127746,0.0,0.0,0.0,0.0
2,B,Z,rear,3,1.3333333333333333,0.6666666666666666,0.018376068376068377,0.003992015968063873,0.0,0.0,0.0,0.0
29,A,X,front,3,76.0,35.333333333333336,0.7770008706717567,0.21031746031746032,9.0,6.0,0.6750841750841751,0.03571428571428571
29,A,X,middle,3,84.0,41.666666666666664,0.8067065067065067,0.24801587301587302,9.0,7.0,0.7808080808080808,0.041666666666666664
29,A,X,rear,3,79.0,40.0,0.8052485380116959,0.23809523809523808,12.333333333333334,6.666666666666667,0.7777777777777778,0.03968253968253968
29,A,Y,front,3,7.0,4.0,0.06925438596491228,0.02631578947368421,2.0,1.0,0.12962962962962962,0.006578947368421052
29,A,Y,middle,3,10.0,6.666666666666667,0.10480432210390016,0.043859649122807015,3.0,2.0,0.2037037037037037,0.013157894736842105
29,A,Y,rear,3,8.666666666666666,5.333333333333333,0.08492378492378493,0.03508771929824561,1.0,1.0,0.10808080808080808,0.006578947368421052
29,A,Z,front,3,11.333333333333334,6.666666666666667,0.10836970836970837,0.037037037037037035,0.6666666666666666,0.6666666666666666,0.1111111111111111,0.003703703703703704
29,A,Z,middle,3,12.0,8.0,0.1254970760233918,0.044444444444444446,1.6666666666666667,0.6666666666666666,0.09259259259259259,0.003703703703703704
29,A,Z,rear,3,11.333333333333334,7.0,0.11819480722434308,0.03888888888888889,2.0,1.3333333333333333,0.12121212121212122,0.007407407407407408
29,B,X,front,3,78.0,27.333333333333332,0.8031336899342886,0.1626984126984127,17.333333333333332,10.0,0.7817100221818916,0.05952380952380952
29,B,X,middle,3,56.666666666666664,29.0,0.6084424262259314,0.17261904761904762,9.333333333333334,6.666666666666667,0.6040764790764791,0.03968253968253968
29,B,X,rear,3,54.0,27.0,0.6208340537572763,0.16071428571428573,10.666666666666666,6.333333333333333,0.6384803921568627,0.037698412698412696
29,B,Y,front,3,23.0,13.666666666666666,0.25015545990347837,0.08488612836438923,2.3333333333333335,1.3333333333333333,0.13725490196078433,0.008281573498964802
29,B,Y,middle,3,11.666666666666666,6.0,0.12108639307580131,0.037267080745341616,2.6666666666666665,2.0,0.1302009813806547,0.012422360248447204
29,B,Y,rear,3,19.333333333333332,12.666666666666666,0.21223613156602847,0.07867494824016563,3.6666666666666665,3.0,0.2187950937950938,0.018633540372670808
29,B,Z,front,3,15.333333333333334,8.333333333333334,0.17932144220804014,0.04873294346978557,3.0,2.0,0.17712842712842713,0.011695906432748537
29,B,Z,middle,3,11.0,5.0,0.12901048633924536,0.029239766081871343,3.6666666666666665,1.0,0.22426470588235295,0.005847953216374269
29,B,Z,rear,3,7.333333333333333,3.3333333333333335,0.07577991698991009,0.01949317738791423,2.0,1.0,0.08808899643745378,0.005847953216374269
30,A,X,front,3,105.33333333333333,37.666666666666664,0.9916666666666667,0.22554890219560877,15.666666666666666,10.333333333333334,1.0,0.061876247504990024
30,A,X,middle,3,102.66666666666667,38.333333333333336,0.9686970194148209,0.22954091816367267,28.333333333333332,15.0,0.9895833333333334,0.08982035928143713
30,A,X,rear,3,92.66666666666667,38.333333333333336,0.9492507871476803,0.22954091816367264,15.0,9.333333333333334,0.9743589743589743,0.05588822355289421
30,A,Y,front,3,4.0,3.0,0.04097394961170994,0.016216216216216217,0.6666666666666666,0.6666666666666666,0.025641025641025644,0.0036036036036036037
30,A,Y,middle,3,0.6666666666666666,0.3333333333333333,0.005555555555555556,0.0018018018018018018,0.0,0.0,0.0,0.0
30,A,Y,rear,3,2.6666666666666665,2.0,0.025380548719351016,0.010810810810810811,0.3333333333333333,0.3333333333333333,0.010416666666666666,0.0018018018018018018
30,A,Z,front,3,0.6666666666666666,0.6666666666666666,0.005922431865828092,0.0045045045045045045,0.0,0.0,0.0,0.0
30,A,Z,middle,3,1.0,1.0,0.009775263240609776,0.006756756756756757,0.0,0.0,0.0,0.0
30,A,Z,rear,3,0.3333333333333333,0.3333333333333333,0.002777777777777778,0.0022522522522522522,0.0,0.0,0.0,0.0
30,B,X,front,3,57.0,23.0,0.6552230427084683,0.13609467455621302,14.333333333333334,6.0,0.6766381766381766,0.03550295857988166
30,B,X,middle,3,26.333333333333332,13.0,0.3002627002627003,0.07692307692307693,2.0,1.0,0.1746031746031746,0.005917159763313609
30,B,X,rear,3,34.333333333333336,13.666666666666666,0.5347393464482072,0.08086785009861934,8.666666666666666,4.0,0.49681020733652315,0.023668639053254437
30,B,Y,front,3,19.333333333333332,5.0,0.273549235574552,0.030303030303030304,6.333333333333333,2.0,0.3163415531836584,0.012121212121212121
30,B,Y,middle,3,14.666666666666666,8.0,0.17152480891307165,0.048484848484848485,2.6666666666666665,1.6666666666666667,0.13675213675213674,0.0101010101010101
30,B,Y,rear,3,25.333333333333332,14.0,0.29543049543049543,0.08484848484848484,4.0,2.6666666666666665,0.40476190476190477,0.01616161616161616
30,B,Z,front,3,34.333333333333336,17.333333333333332,0.4043068043068043,0.10441767068273092,4.333333333333333,3.0,0.42063492063492064,0.018072289156626505
30,B,Z,middle,3,13.333333333333334,7.666666666666667,0.19171141797724076,0.04618473895582329,3.6666666666666665,2.3333333333333335,0.18684823947981843,0.014056224899598395
30,B,Z,rear,3,14.666666666666666,8.666666666666666,0.1732521483784601,0.052208835341365466,3.6666666666666665,2.3333333333333335,0.1866096866096866,0.014056224899598395
