case_id,ordering,replicate_id,stage,pool,paper_id,reason,position,pool_a_block,pool_b_block,attribution
29,XYZ,2,final,UNSCOPED,22,unscoped_final_citation,front,X,X,position_only_pool_and_paper_unknown
29,XYZ,2,final,UNSCOPED,27,unscoped_final_citation,front,X,X,position_only_pool_and_paper_unknown
29,XYZ,2,final,UNSCOPED,6,unscoped_final_citation,front,X,X,position_only_pool_and_paper_unknown
1,ZXY,1,final,UNSCOPED,5,unscoped_final_citation,middle,X,X,position_only_pool_and_paper_unknown
1,ZXY,1,final,UNSCOPED,157,unscoped_final_citation,middle,X,X,position_only_pool_and_paper_unknown
1,ZXY,1,final,UNSCOPED,345,unscoped_final_citation,front,Z,Z,position_only_pool_and_paper_unknown
1,ZXY,1,final,UNSCOPED,252,unscoped_final_citation,rear,Y,Y,position_only_pool_and_paper_unknown
1,ZXY,1,final,UNSCOPED,421,unscoped_final_citation,front,Z,Z,position_only_pool_and_paper_unknown
1,ZXY,1,final,UNSCOPED,314,unscoped_final_citation,rear,Y,Y,position_only_pool_and_paper_unknown
1,ZXY,1,final,UNSCOPED,13,unscoped_final_citation,middle,X,X,position_only_pool_and_paper_unknown
1,ZXY,1,final,UNSCOPED,14,unscoped_final_citation,middle,X,X,position_only_pool_and_paper_unknown
1,ZXY,1,final,UNSCOPED,41,unscoped_final_citation,middle,X,X,position_only_pool_and_paper_unknown
1,ZXY,1,final,UNSCOPED,306,unscoped_final_citation,rear,Y,Y,position_only_pool_and_paper_unknown
1,ZXY,1,final,UNSCOPED,31,unscoped_final_citation,middle,X,X,position_only_pool_and_paper_unknown
1,ZXY,1,final,UNSCOPED,306,unscoped_final_citation,rear,Y,Y,position_only_pool_and_paper_unknown
1,ZXY,1,final,UNSCOPED,5,unscoped_final_citation,middle,X,X,position_only_pool_and_paper_unknown
1,ZXY,1,final,UNSCOPED,70,unscoped_final_citation,middle,X,X,position_only_pool_and_paper_unknown
1,ZXY,1,final,UNSCOPED,14,unscoped_final_citation,middle,X,X,position_only_pool_and_paper_unknown
1,ZXY,1,final,UNSCOPED,79,unscoped_final_citation,middle,X,X,position_only_pool_and_paper_unknown
1,ZXY,1,final,UNSCOPED,31,unscoped_final_citation,middle,X,X,position_only_pool_and_paper_unknown
1,ZXY,1,final,UNSCOPED,5,unscoped_final_citation,middle,X,X,position_only_pool_and_paper_unknown
1,ZXY,1,final,UNSCOPED,157,unscoped_final_citation,middle,X,X,position_only_pool_and_paper_unknown
1,ZXY,1,final,UNSCOPED,252,unscoped_final_citation,rear,Y,Y,position_only_pool_and_paper_unknown
1,ZXY,2,final,UNSCOPED,421,unscoped_final_citation,front,Z,Z,position_only_pool_and_paper_unknown
1,ZXY,2,final,UNSCOPED,463,unscoped_final_citation,front,Z,Z,position_only_pool_and_paper_unknown
1,ZXY,2,final,UNSCOPED,31,unscoped_final_citation,middle,X,X,position_only_pool_and_paper_unknown
1,ZXY,2,final,UNSCOPED,157,unscoped_final_citation,middle,X,X,position_only_pool_and_paper_unknown
1,ZXY,2,final,UNSCOPED,2,unscoped_final_citation,middle,X,X,position_only_pool_and_paper_unknown
1,ZXY,2,final,UNSCOPED,48,unscoped_final_citation,middle,X,X,position_only_pool_and_paper_unknown
1,ZXY,2,final,UNSCOPED,31,unscoped_final_citation,middle,X,X,position_only_pool_and_paper_unknown
1,ZXY,2,final,UNSCOPED,252,unscoped_final_citation,rear,Y,Y,position_only_pool_and_paper_unknown
1,ZXY,2,final,UNSCOPED,157,unscoped_final_citation,middle,X,X,position_only_pool_and_paper_unknown
1,ZXY,2,final,UNSCOPED,5,unscoped_final_citation,middle,X,X,position_only_pool_and_paper_unknown
1,ZXY,2,final,UNSCOPED,11,unscoped_final_citation,middle,X,X,position_only_pool_and_paper_unknown
1,ZXY,2,final,UNSCOPED,152,unscoped_final_citation,middle,X,X,position_only_pool_and_paper_unknown
1,ZXY,2,final,UNSCOPED,23,unscoped_final_citation,middle,X,X,position_only_pool_and_paper_unknown
1,ZXY,2,final,UNSCOPED,96,unscoped_final_citation,middle,X,X,position_only_pool_and_paper_unknown
1,ZXY,2,final,UNSCOPED,411,unscoped_final_citation,front,Z,Z,position_only_pool_and_paper_unknown
1,ZXY,2,final,UNSCOPED,411,unscoped_final_citation,front,Z,Z,position_only_pool_and_paper_unknown
1,ZXY,2,final,UNSCOPED,31,unscoped_final_citation,middle,X,X,position_only_pool_and_paper_unknown
1,ZXY,2,final,UNSCOPED,2,unscoped_final_citation,middle,X,X,position_only_pool_and_paper_unknown
1,ZXY,2,final,UNSCOPED,70,unscoped_final_citation,middle,X,X,position_only_pool_and_paper_unknown
1,ZXY,2,final,UNSCOPED,23,unscoped_final_citation,middle,X,X,position_only_pool_and_paper_unknown
1,ZXY,2,final,UNSCOPED,50,unscoped_final_citation,middle,X,X,position_only_pool_and_paper_unknown
1,ZXY,2,final,UNSCOPED,314,unscoped_final_citation,rear,Y,Y,position_only_pool_and_paper_unknown
2,YZX,1,final,UNSCOPED,11,unscoped_final_citation,rear,X,X,position_only_pool_and_paper_unknown
2,YZX,1,final,UNSCOPED,48,unscoped_final_citation,rear,X,X,position_only_pool_and_paper_unknown
2,YZX,1,final,UNSCOPED,462,unscoped_final_citation,middle,Z,Z,position_only_pool_and_paper_unknown
2,YZX,1,final,UNSCOPED,20,unscoped_final_citation,rear,X,X,position_only_pool_and_paper_unknown
2,YZX,1,final,UNSCOPED,107,unscoped_final_citation,rear,X,X,position_only_pool_and_paper_unknown
2,YZX,1,final,UNSCOPED,217,unscoped_final_citation,front,Y,Y,position_only_pool_and_paper_unknown
2,YZX,1,final,UNSCOPED,84,unscoped_final_citation,rear,X,X,position_only_pool_and_paper_unknown
2,YZX,1,final,UNSCOPED,114,unscoped_final_citation,rear,X,X,position_only_pool_and_paper_unknown
2,YZX,1,final,UNSCOPED,20,unscoped_final_citation,rear,X,X,position_only_pool_and_paper_unknown
2,YZX,1,final,UNSCOPED,107,unscoped_final_citation,rear,X,X,position_only_pool_and_paper_unknown
2,YZX,1,final,UNSCOPED,11,unscoped_final_citation,rear,X,X,position_only_pool_and_paper_unknown
2,YZX,1,final,UNSCOPED,69,unscoped_final_citation,rear,X,X,position_only_pool_and_paper_unknown
2,YZX,1,final,UNSCOPED,84,unscoped_final_citation,rear,X,X,position_only_pool_and_paper_unknown
2,YZX,1,final,UNSCOPED,72,unscoped_final_citation,rear,X,X,position_only_pool_and_paper_unknown
2,YZX,1,final,UNSCOPED,72,unscoped_final_citation,rear,X,X,position_only_pool_and_paper_unknown
2,YZX,1,final,UNSCOPED,86,unscoped_final_citation,rear,X,X,position_only_pool_and_paper_unknown
