case_id,ordering,replicate_id,run_id,full_output_sha256,final_sha256,successful_api_calls,unscoped_final_citation_occurrences
29,XYZ,1,case_29__mpds__order_XYZ__rep_01,abd3ca97611732dd6962fe533b59edf33cb48d92d51b9706b0583fbc40286438,7e92eebab053b88ceef3d2cbad8d889677c734bb9955e90ace606111b0a24613,9,0
29,XYZ,2,case_29__mpds__order_XYZ__rep_02,333c88f1b9ebed325e7c4a469fae2ec33688a54b7a067fe735c5e4d78cf33299,2766c1bc04dde3027a743ff5a07aaf6ad0680e9741f9820a83744d24f6c7990e,10,3
29,XYZ,3,case_29__mpds__order_XYZ__rep_03,bf8c7304ea48a786be21dde904c39b176cb4e099f16b557eb0ce717b9550347c,4e7fdc9a98a1119cc11f9381a9047828ea1f3fa71db7f945c82fa0df6f22f8e5,10,0
29,YZX,1,case_29__mpds__order_YZX__rep_01,8210912351db7d147c663c30997b944b828de2293665472ab607d0baca214e31,6fc5436b4bbd97095db985f530aef333a679482c5308721c35c6090f87bc8fb5,11,0
29,YZX,2,case_29__mpds__order_YZX__rep_02,d4f6bd732d378e81eddc3627113e51332b5003c2d7daf953446355d2b3b73d21,cae63a6fbeeaf7262e1cbd6202ba95eb73764e2af46821a44f4b5a686f40116c,9,0
29,YZX,3,case_29__mpds__order_YZX__rep_03,631596bdbdb6cce9c681620a944a7eb2cae3f79e4ddedddaca830fde174f6805,b2ad3dc06381c7a643ae2bcc0bc3502175ceb95fbbaab9e0cb902461f3ffdaef,9,0
29,ZXY,1,case_29__mpds__order_ZXY__rep_01,430b29ae3a2b59e2d528ac45bd2ebb1b1db5551067cf4aadcedc099f4bf935a8,a5e4875f63bb4f4d5b9f7365055b94480fbeea8020159bd38c51567ccee170d5,14,0
29,ZXY,2,case_29__mpds__order_ZXY__rep_02,6fa7fa01c8a7e884bd7e83f58b9a9f21ea0ff1831f49aae198d73053e70fce03,0e890f0b7bd3b52bf7e23c07e69497ee49878dead1f036d6c6a6d660c6447a6e,11,0
29,ZXY,3,case_29__mpds__order_ZXY__rep_03,58e8b3624e3446fb014e5b831cd19c7f52a99d1b28ca9dd0647c1f5917b003f6,51f67e9979e369c24120cab062747a8c74c743d61bdf244fbee4d443dd137be2,9,0
1,XYZ,1,case_01__mpds__order_XYZ__rep_01,3e2c24d07b74d0f86a4f0d3651dad1ef2cf6dd63b8c0fc9811b5534e2bf00f70,70d134674977cd5da6dd613a9313b904320cf848f1f03e4a00398475101ee809,9,0
1,XYZ,2,case_01__mpds__order_XYZ__rep_02,ed21ffa75b1f80ca6b986fdc05d9f8902abfab4c70d92b98d938bb0e95e116fd,9142c4d581c2311a8d7e5d17e9b7d1f3e04e6f42ba90c8eec006a0a0ed50a514,10,0
1,XYZ,3,case_01__mpds__order_XYZ__rep_03,fb7cf078c71ff78be4ffcc5d2d7977d3bdd9c53d1ac4b6cfdc2c2e5c3b2fe9b2,4bf9006f063c47ba5ccd55ed59c0be68142443a2dd3943c3174fd0c8f58bbe06,9,0
1,YZX,1,case_01__mpds__order_YZX__rep_01,633aca477f28aa0d2269acef0b6b06f0b34ce905b485d1629ef5cb22c0dcb9c8,9244afd4e38045ca40be3f6ac39ea214d66349ea2c3a7f33a8cc55f0fa96d781,9,0
1,YZX,2,case_01__mpds__order_YZX__rep_02,24464356007a7bc53ca342c528c418d723724ba02e0a063d5d265bcf14b5db3b,368db933edbb380e1ef9e16f8051bcdc7cd4b81e93c1c63846ac009aa8652645,9,0
1,YZX,3,case_01__mpds__order_YZX__rep_03,bf05aa056a67f00aebd44d8f202fa88a537e34b44e7147a8e7dd3ac9ddf778cc,48f244c5a5319a18dd74cc7b4e3742184cf28a5c4ef4a74d4ebb6b76cc1a26a4,12,0
1,ZXY,1,case_01__mpds__order_ZXY__rep_01,5d956e7100e921ac14e7f030e2f8935968da079aa954714c75d831955f007e74,d67bf9052e00d454313ffde5a3c5d62ce2919d93ca7c809bd50531879c115737,12,20
1,ZXY,2,case_01__mpds__order_ZXY__rep_02,28ae45bc71c7e01cdbcbfaaee9b478cc7e7e589b8442e23a888fa322b0ed949d,29ba838660dead7bef20885ed0d1375cb76fa541d5b3b5ee9cbcf0c1593c209a,10,22
1,ZXY,3,case_01__mpds__order_ZXY__rep_03,f33a7350071bf31383c1be5f58746ea58032a6018cc48224bed8bd9b3d6462a9,653c423001e1084b05c6f68514a7713f75266f20d2e701d84265e12baec78038,10,0
30,XYZ,1,case_30__mpds__order_XYZ__rep_01,76097bd1c95b0a236425b56e871242a409b9538d7127b8cfcc4b091efb18292d,913a4e85fc7c68c0d598ccec67ff51d12fa68675271726b9175b4151e673734d,11,0
30,XYZ,2,case_30__mpds__order_XYZ__rep_02,7970d86b91d23255c73488f692e88b8bc22a89729b5e0f3ae6dcbcd7e81a8cbc,f7c41bd84e96e79e5e7755d15c1dc10814f82d569d58d58cfe16718b397652c8,9,0
30,XYZ,3,case_30__mpds__order_XYZ__rep_03,518526c9e1e48e640936825ed62fdf32f17ce876025f6869aa7f18aded50b24a,d8dda9d00965c690e104fe6b3f9041b70078b9c03a1d6310926f6bf91454879a,9,0
30,YZX,1,case_30__mpds__order_YZX__rep_01,e91f3c442311b037dbc66f248d892b0c3c1ed814ccc7285a78b69df45165b23f,2433ceee430d33760a0d45effe880a44b77d4f90531b2e11f0f9f8bfd6ae58fa,10,0
30,YZX,2,case_30__mpds__order_YZX__rep_02,f1b66899838b389b77176a30466951cfc5ffb789d6bae89f7814ed57adb962df,f2227952933b2534191fab06299f02d295fd7b4333df92950f8ef72cc620ddfd,9,0
30,YZX,3,case_30__mpds__order_YZX__rep_03,7942dea78de9c11f43f3f9024b1200c8ca698e3db903ac852c6d5d19195333e9,4beac5e26c36bca3fbc3f0c91920ef20409e1ab0edf5798499f30273817122dd,9,0
30,ZXY,1,case_30__mpds__order_ZXY__rep_01,10ec1436b4649274932cbdc9560f4b1fd32b7f5e9bc302fc94c06d613dbfabca,33cfb202d42d46440aa5f1a7c6fd69e828b98f617a7f9ac44b14777b3bcbf297,9,0
30,ZXY,2,case_30__mpds__order_ZXY__rep_02,0e5a5f8dbd9a9683f4a7b14917c8eb039e4913e5beab6ea8ec789d6986416079,13edf70f497d418cda7368ce052c8df700fb7a1f76fd0414bcb96640fc6bc4f4,9,0
30,ZXY,3,case_30__mpds__order_ZXY__rep_03,2cc370a0da3abcffa84e5036b81872a4ee519cc73c37217f2e05c7849954c80d,3b7afebad57c2ad91b41fab2a94322e8242db99ca0dedd306036a1a39acabc4b,9,0
2,XYZ,1,case_02__mpds__order_XYZ__rep_01,5ccdcd15b2266fdd52543173dc2682c756da48a842fb80d8cc4175dc6d26a4fb,aa979b98d0673d561b5b9a428b77be3af28dfe122bdf7e36542d12289dc84a35,9,0
2,XYZ,2,case_02__mpds__order_XYZ__rep_02,b749c2f08a2eb880125cf1d019dda74f36ee77bf7b47c4e4e9bd741820f46e18,f2287ced44a3683d11cf10a6778accb76c63e2c36f4f5a475ffe55d628b6209b,9,0
2,XYZ,3,case_02__mpds__order_XYZ__rep_03,0ea0b973f185fed5967696b4575d155033c350d0934fed320f4a968049ac7527,23e77d629218ce3482237e73a153d283d7809533de42f01221037a1b8d2e63da,9,0
2,YZX,1,case_02__mpds__order_YZX__rep_01,f2a3746f453714473570c1c3997a386d098552f19c28b714e04664d856098b2d,786a92d80b1b685e6c66a0dd097988b86774bf55228641c7908e6f22970e70fb,10,16
2,YZX,2,case_02__mpds__order_YZX__rep_02,6e4f2c7bcc9e25cb18cb6371cde720987030facdaa33f5d09302789fec297299,fc528fe4d8861ddb3d66129a1200a2b00b4f170fef3ed112e43a644d762a79e7,9,0
2,YZX,3,case_02__mpds__order_YZX__rep_03,3cb1560fe59b31d9f1fabf815c9d7f3ae0c897533923a30e438ebc52356e0401,981562907e2e5a80a6653acb89cc3ab09849309f5e066760e83938196a50bd2b,10,0
2,ZXY,1,case_02__mpds__order_ZXY__rep_01,7b269d0b9c581047882365888424323a3bcc648cf8a23177ccde5c0797be6665,b585ec93f32d47410955684fd9becc4abbd6690961756cb29c097be45daef4d1,11,0
2,ZXY,2,case_02__mpds__order_ZXY__rep_02,dc7d5602f953cc5ff3bb7fecf57986b94ec9d608db60b567b26ca0f22eab4417,a9ffe1a37ae6f8b4e878bfcc3fd7e9d75d651d3b9b170de394eadeb72314631b,11,0
2,ZXY,3,case_02__mpds__order_ZXY__rep_03,c76a1f459d285c45093ef52f9f44bc2852c8a794ef32346b635f465221ca13c7,a2f6764b65a378c34033ac50897c5b942c395bb7fe7edb0e19311f967391f439,9,0
