metric,n_candidates,icc_2_1_absolute_single,case_cluster_bootstrap_95ci_low,case_cluster_bootstrap_95ci_high,quadratic_weighted_kappa,exact_agreement_fraction,within_one_point_fraction,mean_absolute_difference
ihq_without_cpi,70,0.04738269030239829,-0.24065383601370932,0.2750628808897976,,0.2571428571428571,,1.7
full_ihq,70,0.19862452177081424,-0.09392166761859899,0.4008531664643231,,0.22857142857142856,,2.142857142857143
validity,70,0.20742314587344793,-0.09168915577751334,0.4675056913362827,,0.05714285714285714,,2.9857142857142858
IN,70,,,,-0.09981515711645139,0.4857142857142857,0.9285714285714286,0.5857142857142857
MO,70,,,,0.08825093035619325,0.42857142857142855,0.9571428571428572,0.6142857142857143
TR,70,,,,0.2719431760527652,0.45714285714285713,0.9857142857142858,0.5571428571428572
CPI,70,,,,0.49382716049382713,0.5428571428571428,0.9571428571428572,0.5
SC,70,,,,0.32454866154803885,0.2714285714285714,0.8,0.9285714285714286
PP,70,,,,0.1823899371069182,0.22857142857142856,0.8857142857142857,0.8857142857142857
CA,70,,,,0.08383445348425889,0.4,0.8714285714285714,0.7428571428571429
FA,70,,,,-0.0826210826210827,0.4142857142857143,0.8571428571428571,0.7428571428571429
