condition,metric,n,mean,sd,median,min,max
raw,evidence_support,30,0.0,0.0,0.0,0.0,0.0
raw,citation_traceability,30,0.0,0.0,0.0,0.0,0.0
raw,claims,30,5.0,0.0,5.0,5.0,5.0
eo,evidence_support,30,2.4,1.354431,3.0,0.0,4.0
eo,citation_traceability,30,2.633333,1.49674,3.0,0.0,4.0
eo,claims,30,4.6,1.220514,5.0,1.0,5.0
eop,evidence_support,30,2.366667,1.245221,3.0,0.0,4.0
eop,citation_traceability,30,2.5,1.383399,3.0,0.0,4.0
eop,claims,30,4.866667,0.730297,5.0,1.0,5.0
ds,evidence_support,30,1.766667,1.135124,2.0,0.0,3.0
ds,citation_traceability,30,1.833333,1.315251,2.0,0.0,4.0
ds,claims,30,4.866667,0.730297,5.0,1.0,5.0
mpds,evidence_support,30,2.1,0.884736,2.0,0.0,4.0
mpds,citation_traceability,30,2.066667,0.980265,2.0,0.0,4.0
mpds,claims,30,4.866667,0.730297,5.0,1.0,5.0
