condition,flag,n,yes,uncertain,no
raw,consequential_unsupported_or_contradicted_claim,30,1,28,1
raw,fabricated_or_invalid_citation_identifier,30,0,0,30
eo,consequential_unsupported_or_contradicted_claim,30,5,1,24
eo,fabricated_or_invalid_citation_identifier,30,2,5,23
eop,consequential_unsupported_or_contradicted_claim,30,6,1,23
eop,fabricated_or_invalid_citation_identifier,30,4,2,24
ds,consequential_unsupported_or_contradicted_claim,30,10,6,14
ds,fabricated_or_invalid_citation_identifier,30,2,15,13
mpds,consequential_unsupported_or_contradicted_claim,30,9,5,16
mpds,fabricated_or_invalid_citation_identifier,30,3,10,17
