row_type,metric,case_id,mpds_mean,ds_mean,mpds_minus_ds,mean_delta,wins,ties,losses
case,evidence_support,1,2.666667,2.666667,0.0,,,,
case,evidence_support,2,2.0,2.333333,-0.333333,,,,
case,evidence_support,3,1.666667,1.666667,0.0,,,,
case,evidence_support,4,2.333333,2.0,0.333333,,,,
case,evidence_support,8,1.0,2.666667,-1.666667,,,,
case,evidence_support,15,1.666667,1.0,0.666667,,,,
case,evidence_support,18,2.333333,1.0,1.333333,,,,
case,evidence_support,22,2.0,0.333333,1.666667,,,,
case,evidence_support,29,2.0,1.333333,0.666667,,,,
case,evidence_support,30,3.333333,2.666667,0.666667,,,,
summary,evidence_support,,,,,0.333333,6,2,2
case,citation_traceability,1,2.333333,3.0,-0.666667,,,,
case,citation_traceability,2,2.333333,2.333333,0.0,,,,
case,citation_traceability,3,1.666667,1.666667,0.0,,,,
case,citation_traceability,4,2.0,2.333333,-0.333333,,,,
case,citation_traceability,8,1.666667,3.333333,-1.666667,,,,
case,citation_traceability,15,1.333333,1.0,0.333333,,,,
case,citation_traceability,18,2.666667,1.0,1.666667,,,,
case,citation_traceability,22,2.333333,0.333333,2.0,,,,
case,citation_traceability,29,1.333333,1.0,0.333333,,,,
case,citation_traceability,30,3.0,2.333333,0.666667,,,,
summary,citation_traceability,,,,,0.233333,5,2,3
