packet_id,kind,case_id,replicate_id,idea_novelty,mechanistic_originality,tradeoff_reframing,cross_perspective_integration,scientific_correctness,physical_plausibility,constraint_adherence,falsifiability_actionability,ihq_without_cpi,full_ihq,validity_composite_descriptive,flag_scientifically_consequential_error,flag_temporal_cutoff_violation,flag_fixed_task_constraint_violation,flag_infeasible_primary_process,attempts,accepted_input_tokens,accepted_output_tokens
q4_5fede0ba27,breadth,1,1,3,3,3,4,4,3,4,3,9,13,14,no,no,no,no,1,9555,1471
q4_856b19cc34,breadth,2,1,2,2,2,3,3,3,3,2,6,9,11,no,no,no,no,1,10110,1502
q4_059c69f048,breadth,3,1,3,3,3,3,4,3,4,3,9,12,14,no,no,no,no,1,9742,1349
q4_c4efec058c,breadth,4,1,2,2,3,3,4,3,4,3,7,10,14,no,no,no,no,1,9968,1388
q4_d7cf367b69,breadth,5,1,2,2,2,3,3,3,2,1,6,9,9,no,no,uncertain,no,1,10161,1417
q4_fcbe0980a2,breadth,6,1,2,2,3,2,3,3,4,2,7,9,12,no,no,no,no,2,9981,1419
q4_ef191a83cb,breadth,7,1,3,3,3,3,3,3,4,2,9,12,12,no,no,no,no,1,9881,1567
q4_b6ff1dce9c,breadth,8,1,3,3,3,3,4,3,4,3,9,12,14,no,no,no,no,1,10643,1521
q4_6b7c277f76,integrated,1,1,3,3,3,3,4,3,4,3,9,12,14,no,no,no,no,1,10555,1443
q4_9a172add89,integrated,1,2,2,2,2,2,2,2,4,3,6,8,11,uncertain,no,no,no,1,10460,1255
q4_4ef51f8688,integrated,1,3,3,3,3,3,4,3,4,4,9,12,15,no,no,no,no,1,10577,1728
