case_id,pool,block,canonical_index,paper_id,record_characters,record_bytes,record_sha256
1,A,X,1,1,1649,1655,813e8b9363af891a28c97de7d7cc8ae4fc030d5c29906f1ea3ffff4f8016103a
1,A,X,2,2,1803,1807,501a2269cd7479c56d70049b57aa9410df963472294ace70a956e5ad2d146d4d
1,A,X,3,3,2064,2072,fc5b4319c5dff15ed6c0939f88f5b6ccf4fb6757c1d49e90032b7a24e41e3436
1,A,X,4,4,1976,1984,3572e13a459b7a401547ad4e045af74eb3deeb048fc64bd564b93cbd6b3541c6
1,A,X,5,5,1859,1859,cdec6cbef203ea12507a0f32cd741d98c289b43f02657fa87911155bb1f1cc91
1,A,X,6,6,2061,2061,d926a3f8a237d1712f5b3dd2062aa974c07584b60b8b9f00d1681474f4d961f1
1,A,X,7,7,2072,2098,08e1a43928e163ba8de56b5a558d643da0ae14d3aacc4910f169d81fba8035e7
1,A,X,8,8,1953,1963,f14e502337e041a3db5bec52ab3707a7fcfbf445b02addd2b116202366ad17a9
1,A,X,9,9,1793,1828,2b7d24771159b4050febc4f84c092be91fce047c9cb52ed196d079c74bde3e49
1,A,X,10,10,1953,1981,9c5f8927d2acdfc1b07cb8e592436b4a6e0fd3ced41f62845826ccec0f8805b1
1,A,X,11,11,2018,2050,78607ecc170d9b22e57cf55444ac8fc9c291da2368dd03e49cc8881d78b6545e
1,A,X,12,12,1341,1348,b89c37523371199506b14f061251974d60c3a627b370ea73c931e795cb9974ee
1,A,X,13,13,2316,2335,b67d94f717bb8d8de75127a04b6c31585d4fc0d6b5a84defddbbbe9faca426a2
1,A,X,14,14,1555,1563,182d4cda71e3a33703cf323b4e05526ceb831f61de47229cbeb0bcb93519f32d
1,A,X,15,15,2293,2297,6d043bdf23f28d10d366cf692ab26d28f975e99f580677e7bd7047e5db54d6ff
1,A,X,16,16,1769,1795,cd7d3a37fccb0a7ab37abca0461d3bdff965f448c260d7da89df9e0a2acc8323
1,A,X,17,17,1684,1687,cc69c3da30dd89a10d63193bda7e5efe5a5d2ed7a4dbc8713e5ec85657c9589a
1,A,X,18,18,2239,2244,22df0f5acd15a41bb01f736f6be408551376f58dacb1b983e663bb7a9acd8e5e
1,A,X,19,19,1659,1667,1947ff696e52c968b5c8275c16fa51053fdd4b7589852c6f2a2dd68573ccf7e1
1,A,X,20,20,2219,2219,6fe61a7fa4d0b7e94959d650372952f0d96e2e06b312c875fc78f7398d4c4d52
1,A,X,21,21,1631,1632,8a25b8d0dcb5ba9b47bd123e99fd12c2a8e15c33107e35acaa07e640e851ffc4
1,A,X,22,22,1288,1316,d1467df31e34694ca42a3a43417f42b6ed00d82bef089cc3da4fc4935ac1ef52
1,A,X,23,23,1503,1515,0f7fa2c2e1c9d149d42cef3015c422cd6e9a0066c87c5275d3a720888416a452
1,A,X,24,24,1503,1543,cd6b30df4d06c595d86385f520343508bc18c09ccb99aaac533804cc58991517
1,A,X,25,25,1987,1987,70a1bb176aa108b456e8e2847ab041d77679299883b94ef00c3d6d1ec5aefff6
1,A,X,26,26,1643,1651,e843ccdf16c5ddfe9024e95b37e13b98a51ac5e404242f17f3d31cb30053fd85
1,A,X,27,27,1867,1870,c23a47f7858a7a5ee8ee61055d2cc1fa68a189d13fec876d8220382dc943ea26
1,A,X,28,28,1561,1562,9610efb4d4a27a2cc66e3967401cc39278b4dc2aa3867aa95c5690647d2167d6
1,A,X,29,29,1370,1370,e90ccc3660ea45f314b4a99a96ccef35eee28298e5abb172485f6a4c6fb772c2
1,A,X,30,30,3842,3854,c5e717a2f1ffec7d2163c938226f0aa59c628ccd1c56ee586d545da58bae65a0
1,A,X,31,31,1668,1670,f2e0fc3a31af9d5cd1d68c42518d42161b4ca84fa7ed7be3b95591151174fefa
1,A,X,32,32,1714,1719,d9331d9dc533766e2d49bfb285606922f4b79b90fa3390155d5cded381a8d397
1,A,X,33,33,1851,1851,556dfa01881e2a1a86e73fd08ef87f34092fb62ad7ab1497413afc4bfc2f48bd
1,A,X,34,34,1648,1652,0542b97e853f539de39d34fd9449ea8bb77e0adbbc1d56ff7d88b7ec19c379a5
1,A,X,35,35,1682,1712,5b387a4d60d5daca9302d101af597eb56f68ef4bcbe4113513da6882d95ab6dc
1,A,X,36,36,1573,1595,d102283d045e66269bcf1e0e3411477d915bf3afb5a2b7ab562803a1513d1fd5
1,A,X,37,37,1616,1618,f08cecf2bf02f121249eae0845602a919504f942fea8ce5f7a60c4b57867d569
1,A,X,38,38,1608,1608,8a5885793daa098bf6f2fd663649c72d33c5eb48cc47e3d7a777bf05b82d9bc7
1,A,X,39,39,2335,2337,451a28ea536968c3345ed8fbf16fde619bdc6b2719e18947750b064408fe8e54
1,A,X,40,40,1706,1706,365384a2d9cea481ec4f968acc48c8bde81ab8a7a5cf0bb4a7477991016e4c80
1,A,X,41,41,1938,1956,cc2d720ad23691aa4ba1b2092d7f4a7e3e99236669479579456ba78b102d401d
1,A,X,42,42,1254,1276,504938d80c787eccd64a1a364d9de2545a087ca2d744c0accbb164609a306af8
1,A,X,43,43,1538,1538,23f59de1f0ca44581a7f3ea4b3f1b6ace1918cecfbc2557f13d11965fe5400e6
1,A,X,44,44,1536,1546,e42479c527786266bf606d0fdcd61182d3744ef98f05c88b9ea63e2a215ccd63
1,A,X,45,45,1883,1899,05593eb5cb176847587e509a5e9d7d18c4319d8554a0115f0e0435a46d8d0231
1,A,X,46,46,1942,1964,eeda9a69f2a3bb91536d614c20c8a9ebbb736255e73a77f15509ec665760ef3e
1,A,X,47,47,2172,2174,89c56c90e0174352e7e96aa9bb3797f417b928c64ec2a96b4bf8bb079e900649
1,A,X,48,48,1625,1626,6b07dbea4b3776e613ae7b3850840a42e96128a4bba16d12ffbf4395b7a90dfd
1,A,X,49,49,1909,1915,6dfd3aa36fb8835bae5f3501d3f39160e6f2548db99340013b6589a8fb161c0a
1,A,X,50,50,1481,1483,6182c910773cc5c49e4ed1758e5440afcbfdba020ea1dd96aa2624b4e32c9fce
1,A,X,51,51,1715,1717,c812f8bdcf0273c641161c637ef4b4a0ac1b28ff47d7e8a7ee563ffedf7202b6
1,A,X,52,52,1710,1711,e0a882b2355e0b1296d75bcaa086e6fd4e6a178952123b5be987bb0d76c2688a
1,A,X,53,53,2110,2110,ab00cb3b32d291810e2406bb31206af64501e0296b43e67e026f18ae3bfeace1
1,A,X,54,54,1811,1814,2268fa9a3b1dc3af9f26a158a045f52e71f6dfccfdf3764cbcccb5db2f827235
1,A,X,55,55,1623,1623,1f34305fe9aa455fbde29077dc7befb8e6f1ccdb9e64bc6347bae6d15e045598
1,A,X,56,56,1967,1967,13b8b5be4c49fd47fa03685699ac105f2ee7d5ec58238245ad02542cfa606310
1,A,X,57,57,2167,2167,4b18bc1c6bc516b080141e765927f4746991afb610ee2b0918b6ff4936fd334d
1,A,X,58,58,3340,3342,e2321b65932b34009470df0eefc8738de323e4d72c5eed96aa90fce9b645cbbe
1,A,X,59,59,1512,1512,7b5b17e38ec9fc8a84723ede13d33aacf73abb752c6edef6ccd7a8c0db58657b
1,A,X,60,60,1591,1596,c0324608bba9000af4360d5da01d9384f9d9f646f68e294e854f94a83b70dd8a
1,A,X,61,61,1891,1931,4b6626114c79fa762d9705767ad149a2e1c5578c28c6b42b64d451c16d02f9fc
1,A,X,62,62,637,637,8906667346c3b5ef084842ff3cfdd51bd2c42eeec97bd1d7d75afac83a822024
1,A,X,63,63,1695,1707,84462c967aa304f848d4133c4ce4288d4ac703f3b19ad06f84e2b5387bd897f6
1,A,X,64,64,1387,1387,0e6ba8552f6e8dffc98cafb23a6e31133baa5229ab7c157f027f00651b53cb18
1,A,X,65,65,1718,1718,862fa6f25506de01bfb34897f4f29e76ec0f4206dac401926511f49355b26d06
1,A,X,66,66,1601,1601,9d427bcbfee9d8f1931ec41720feea9e9c0c31246681b34f8698c048d0a8b17b
1,A,X,67,67,1702,1702,536611c874cb6f75c07017651a5868b4db5ff51bfe72960baa76e89e4fc02dac
1,A,X,68,68,2082,2084,a92d6a8c1bc04b69d69484e564a9042d571a1da6b1ef9e8864e98d8a60362577
1,A,X,69,69,1935,1936,e7149ec0f5b2bce91c425057daf3ba2a6bc3442c612c0b33d34ff3ecde1c3040
1,A,X,70,70,2506,2549,ae6eb8b796a17ae882559c1843b9ef5bbb2c62d8b6fab24b936f4b962b516659
1,A,X,71,71,1476,1479,f3570e7faae664f4385585e35d7c909d408fff66859ed96b4f5bd51e79f7a5cc
1,A,X,72,72,1734,1758,370da6d0f0097321ad0879abc7cf13970d67a84aaf2e33cacafcf60812e54611
1,A,X,73,73,1300,1304,b51a697d384f1ce287a3369040f0989286e0137635339a45cf3f084b5f6f94e4
1,A,X,74,74,1876,1876,813a5a802a275588e7ea6525c2bf881e5e669e18d1dd28742ee6c5f565e3918e
1,A,X,75,75,1695,1701,b7b09bf6a8a97cb84da61d3d729ee5cb4bad659b2395ba1604e145611fd8df50
1,A,X,76,76,1420,1420,fa239ee997336e36cd4ba679c77ae1b0b1c93e095b028a5e2f3ba2e7105ac5bc
1,A,X,77,77,3156,3156,0fad0344ea9338472bb69421cbd0b4be3becc0ba594d2e732945e94cab062c18
1,A,X,78,78,2157,2161,274112973b99308fda0ad2f753ec2d1e7608812fd5b10574b606efd2a835a721
1,A,X,79,79,1522,1522,d71ded13b7377b48455fb7f64036e917bab682945ff11a9404ac97a1ae91cc70
1,A,X,80,80,1419,1419,a79311481001a1baec7ac69a09d1df05a488d448ec0980b22dafdf2851d94e6a
1,A,X,81,81,2306,2306,520347f6218b97a0f50660195931e8e3776fa099c7e97fa7037d1e4174e5edf7
1,A,X,82,82,1483,1485,791ab22ee2a9b16ab304f34059b4366c8bb3e543ed4253431c86c9408de92986
1,A,X,83,83,1450,1460,01a8cd34eae55129f0a7042aa07b601749df2ba160bb5577111141a7d6aaa7a1
1,A,X,84,84,1865,1865,79a980a6e3b44bc4a69b872d0f6237d00d90af267d379695067c1f4f07dffd42
1,A,X,85,85,1633,1642,c7c21d5c83ad1e8379023ac8ac26ffa7deefa102dec8da6fcd45ed88167eaaed
1,A,X,86,86,1112,1122,934b19598b3a0c4918daea0ba021cf8750a2bb7903e1bb53411c51c4e127bb4e
1,A,X,87,87,645,647,616be87259d924f47f0c57d0b1c3ceb3e56e5d61d38f07522cac0ffeafe6645b
1,A,X,88,88,1877,1893,4e57d830785114a0e6838fcedd892bf4e96cd0f36f5feea6ae1b1c8f1ba3b1d4
1,A,X,89,89,564,564,b3447ef728107e4f20b52bc2d8d5fa36fbd20cf5086740596c491dac2dff4eff
1,A,X,90,90,1370,1370,dcf802e4021ec2d63ea6284d4fd756c0a589ed945a8a5695eb65d74849678da9
1,A,X,91,91,545,545,d72539153e0484000e97ac19e082478098f97420ac2349b2bcce4a8edaacefa2
1,A,X,92,92,1546,1562,2a925c4d9135c136ce2e395b049714603566f8791ea20ae5e837f22c93c44687
1,A,X,93,93,1835,1835,9b03fe1271289db0c97524d55e25775628be137df1b76cd3178e62bc51daf1d8
1,A,X,94,94,1764,1764,13bfa97bc2f51d74af744127db80cdf67970f44d6b20c8a0445cd835a342f3b0
1,A,X,95,95,1510,1519,eac4014a72d14f2fe6983413ee7d7d97505383e371a3cd8d31f12796740791ff
1,A,X,96,96,2016,2018,5c3b9e2709d20eb1325780f0a70768e028fb91fdbf3079ab5dd61a9526aa9cf0
1,A,X,97,97,1500,1500,cd4ae89adb0fdc65d267c7646ade85ba5ce0b784b2ef6856be29d81f91949f61
1,A,X,98,98,1840,1846,0b1836b72cfaeb45ab891dc83560148d0acd9be1a96f2133f2a835e93547c8d5
1,A,X,99,99,1738,1738,e4308a0eb52da49877607a6a8336fcf254bb4730e252f0e576a0d7bea6a0f422
1,A,X,100,100,1379,1403,39942a7e802aea8fb868acbcfafb063e4a345c3785c666c9b4611c65b2247509
1,A,X,101,101,1935,1945,b185bd8b1083f3dc4fd6328db76c111583419ffd192b072205a2af9ee15ea027
1,A,X,102,102,1807,1809,2493ae17bc8781d4ff81a2aafdd87c93a9e230390eb470d6dd31843d442d19de
1,A,X,103,103,1392,1394,7d19cd6217dc08595b4b70f015fe524f674cd2473ee8cc83e422f69a89ea6b6e
1,A,X,104,104,1737,1753,a275ce95ecf705a7e61a19966a390d509748cd703d070935956e20be8bdd1610
1,A,X,105,105,1450,1450,49af59603aaa706f2a5230a40dc2401a97ba60f5bcd1cb7f402a2fe67d8d2da6
1,A,X,106,106,1281,1285,ce57f4fa9091bfe2b85b3da0069d55843ec1bf028205026f892268b30c87fc58
1,A,X,107,107,1747,1751,c68461f1d1633493f3aa25a06638c9a050ef26bc36c7d90040e7b5c2bf6091f9
1,A,X,108,108,1968,1970,87264a99d6e08d9287cd72444ab51e3d1b8d092336cd343cc382eea1c7c40dc9
1,A,X,109,109,664,664,3a8c6582bccba57b5b138c5788f96c5f885b9f9b962484bf5768d6d1e58cd170
1,A,X,110,110,1770,1774,949edc102092329ce37aad45b5fcf8d6a693f23a5ac6051f285ec82b6eef4eb4
1,A,X,111,111,1791,1791,58d8ab274a6dedf4c06e24657ebe37f5af14c29b42c2ac18f1820a40a27f3982
1,A,X,112,112,1560,1592,2588dbedc3afeee14a150d37358a6675763b3eec5b2ed53ee0b7a04f3960f7ce
1,A,X,113,113,1128,1136,7349f773f0c0445aeb539b0589507a88ff5b97eb9c67a8e8bc09ac6c1a57185f
1,A,X,114,114,1751,1751,f6678bbc1fd187023e97acc2303caef85172719ed4d495318166dbcc5afd6c68
1,A,X,115,115,1963,1971,8493427969806aad6ff5c375ba183bbf3c8c45bad446261f13516466f2b12a82
1,A,X,116,116,1599,1620,aa33c2b24a98c3d80bc5b2b53d52728375e7b17c8e67223ccfae91ef4ee66e8f
1,A,X,117,117,2429,2429,21aa61744e27e2798266831fe86ffd8c3e2410fbf8e6a89d1bbdfaefc9913345
1,A,X,118,118,1813,1821,a5d5445b23ec6722ff438091e028777a11a56f3fa9b082f38b702b0f3ad05d2a
1,A,X,119,119,1899,1902,deef10fc1cfd2a259220ff5bd3ffd02ae9472307c4c68f1634209cf875b18baf
1,A,X,120,120,1611,1623,8b703f3c304413fbf20bd837d0e2229bb18b91705bd322ca0aeb803d909dfcea
1,A,X,121,121,1719,1719,92c3d6cb84e3d006c81e1a36601a7adbb932fc275dc20c76b1bebec835a64bf0
1,A,X,122,122,2242,2251,c78af1becf072b3ac6e971ebcb4e7a96feb606aa136d2447e4445310b0d9752c
1,A,X,123,123,1454,1458,6463ab7329b67d16f2e6ffac1ed7fae6bf40f06159cfad995b443d2211085520
1,A,X,124,124,1754,1756,f9671296d142470e45ca6d7704c5059b594cd0051f2bc4873ea5d3cc9765121a
1,A,X,125,125,1813,1831,2df98483de0231111edd41e4c8121ab6caac30989dbb66a8e34f434ea872e886
1,A,X,126,126,1769,1770,d7b780fea7e3862280cb484bcd0614d94d5101800ec757378579a4f935f0c306
1,A,X,127,127,2064,2064,46abc40427602ebb863f7b760b3defaa2b0c98c29893b7997b08a308d40adecd
1,A,X,128,128,1318,1318,4362dd4a73d9f32a4c5ef904f98c58b6ed295ac15b68ffee97e4205e546e601a
1,A,X,129,129,1863,1863,7664627e1a7211b45bf6ed2e33cdbd3512583a5a12756398cf894aa17ff40563
1,A,X,130,130,1854,1860,1d0587171e5672c8ec0057d2c945df6e0dfdeade56896f68ca62028f277d9837
1,A,X,131,131,1790,1790,1bfa9d189d7aa3053caa8a028b432acc596cdbf038c8879221985733b54854ae
1,A,X,132,132,1471,1471,603ff703a70dbbc771f6e2f0bb78c430e5c246f78dbdcc9f8211a4bf33a6ac4d
1,A,X,133,133,1729,1756,36bdafb6fa918f7e6c580e593b9ae0ae426a5bf752a34759c93193b43716852f
1,A,X,134,134,1599,1600,12a920a582a19c76cc6626cc39d01d443874714c440a9f1f3a735499686631e6
1,A,X,135,135,1904,1963,2df05e786f35625953ef23e5df1b8b16b7fbd74d784d4656249f57e617011393
1,A,X,136,136,2024,2028,498b44d5513c52ec44baea48abb4574a7a344c4f088fb69d3c010f4cf73ec345
1,A,X,137,137,1714,1740,a8f50e722f631678d5229cbb28f71d1823dc40e43e8cafddb5a7eaa57218858a
1,A,X,138,138,1978,1986,65abd27ea85fed151980c1d181309dda748bd7bf9063f7e85090f06aedc7e1ec
1,A,X,139,139,1892,1897,bf54ffd8efaf8272f0beaa2b5a4b34885c884af7b5d776f2e393b044a8929515
1,A,X,140,140,1541,1551,280f71490dbb242cecccbbdaa5d302f7f3a289e9fb2997a09906a8203d67d2bc
1,A,X,141,141,2030,2038,5bb1a736d36c835aded2b612fff9b1f0f2839b08d071caa014f16bb5ec9a8f84
1,A,X,142,142,5520,5544,c59e9ecf27495eca88bc7eebcb8e99c1ec1d855625d69b8b7d72c73372d99db9
1,A,X,143,143,1865,1869,2c5fc47d2c9bd79f6588e3d46163cb9200a62b6f61adbb427d6b07beca726e61
1,A,X,144,144,1958,1958,65f3436f1b42373ecbdc7ca7944d4e1c903de4d0c3d55f215d658dc237e5a161
1,A,X,145,145,1854,1868,c6fdf42a1afcaa052e243deca2e2abd4495ef506593740d808701311a41b8b1b
1,A,X,146,146,1853,1885,734d0dea0f3ec3444d35d4a2785c0d0894b31b5ad2afd7cf765a50a810898bef
1,A,X,147,147,1956,1957,d73596411a9a73d0ce0393b0287decbe56cd360b81e773ce1db2ed8ccc32b666
1,A,X,148,148,1204,1204,4200f28b06d5a02c068a51b5af161adf8febfff52b7fd6ea69bdaba9aec69785
1,A,X,149,149,2003,2005,b39a0da9f2954d30a595a73969f45e0db99f720507531d45530de9c85afa060d
1,A,X,150,150,1729,1737,495f6bedc01689ec2d55abfb7b435d8a10fd63633322a863f5210172b3f05ea8
1,A,X,151,151,728,729,52716aa60eb56466ee4edc515229efb6d4f4bf315d7a77ca1a18e9b5e28cccb1
1,A,X,152,152,1384,1386,09f4b14e1c2ab7b384d1018885e244be724df73f694dce5d09fe54ded5e837e4
1,A,X,153,153,2287,2287,569912c73f1b220ee9973b43915d941e28aef9b59a03674908b512a7d9ba08ce
1,A,X,154,154,1913,1913,93e37159e50f456b32ea76109afb01449b42a8d2cc0e97a84db73046a79d2e9a
1,A,X,155,155,1848,1851,eb1e41031faf0a043f59fc4109a52c6e53ee755ac8bb13ed0105314e4470fdaa
1,A,X,156,156,609,609,14c579c7a305a52eff78d83086c5573676f9ed2ba70517f02aa5298eeb2e0e47
1,A,X,157,157,1546,1546,9b4112a321d680ca0a6826b7699e2379f7887fab5b92fe3b7a5cd7edf0c4d856
1,A,X,158,158,1885,1919,38d289527c181e504bed6adaf65e9fd87f7a8087d37f4b7e22c8f6a9a855f018
1,A,X,159,159,1518,1518,c38cc88365c48d8a4df00308a4d2b75dc63ab60913c1522476c7e786a16a5d78
1,A,Y,160,160,1431,1435,7e9142ba568e8934aa4d612788234f1d152e2d64ab954b361b888460c10daded
1,A,Y,161,161,1625,1640,98930e932dfed8346eb8282bd60301e8e2adc1d9426bab32e1ff7c7e6de15dec
1,A,Y,162,162,1719,1721,e05a1f3183dd0ff3088aa444f04a6b6477ea64aaf2b923d8e9713599e8abd3a9
1,A,Y,163,163,1806,1825,f9375464b661178bef295bdd955e71b78050030ecabf42d29e4cfc1b2cdfd51a
1,A,Y,164,164,1771,1773,54da76552c7747494000b994328360064bcf6f485fdf17bb39bb8418b36cc1d8
1,A,Y,165,165,1636,1638,3ac86f8355d9144083a386bc696f09351a9b2b0674477abdff4f167b4e6e571a
1,A,Y,166,166,567,567,6b1224a8efe0648abcb35924e623952f1ede1b9a91d7351c0f931f7320fcf24b
1,A,Y,167,167,1823,1865,6c63543b4d9badc18f1baa66e34efbfe26469876074742cb07cf76c2bfe8cd9e
1,A,Y,168,168,2013,2015,29d06f43fa156e647b4707983d949649b4a2defdcc0ea35d11b9c6399526b229
1,A,Y,169,169,1829,1835,3f2d4188d8fbd6b94a160e32784fca40a2e86f74e01b2af2919d54657f0ea51f
1,A,Y,170,170,2000,2006,ab561106f4b75c2bcb7888bcffa706f204a0f93121b3a6d496cf58be8d109476
1,A,Y,171,171,1585,1585,44124608ef5b8db9069339a1f54c92d86b8c75dc81547b423ce45c84af4bb0e8
1,A,Y,172,172,1878,1915,02ee73ff2f4e9cf0ed1f3b038508e8420697be73754c86398b32cccdcab066a3
1,A,Y,173,173,1985,1985,42cb608644cea61c77ae60ad6e893efafa6dcc128171e67f1f4625bb9f88afb9
1,A,Y,174,174,1862,1870,591e0761fc95417059d86ad33586bfbe3f4bedc4df64220487f2598658b3830d
1,A,Y,175,175,1769,1773,9966c290c7afc83792085becf826ca413f6a02db946d7019f6f2c1cee33bbfef
1,A,Y,176,176,1721,1779,52817a093daae80cc3845ac4ff755c91e8a61b9a27d48d2abe7cc4a88dfc57b9
1,A,Y,177,177,1832,1839,2d2f677228998d7e9c09ae4708de80320b19ca1e736a2563dd95062b617042b8
1,A,Y,178,178,2141,2143,a7af4a15cb8851fb1986f7993e1311ed41ff5e2695c0e54e53ade718daec0f9d
1,A,Y,179,179,1764,1775,d483e293ee364dda0d99663bd9838366df9d36759848944d150c6fd2f34bd934
1,A,Y,180,180,1643,1647,c2ba2b5acd2576bcbcdeadeefa3f5c6e72ade2cbc97c3b96539458266ff2423e
1,A,Y,181,181,1907,1931,9cb297e07cbcc6ede8be406edd7e2d6a07cf4d99465ccd2a1d0e04b2455d2f0b
1,A,Y,182,182,2009,2009,5dc15b4fa15e28394c3755da8d1ca0f30333784cfa9971949438fdda12ea6c28
1,A,Y,183,183,1663,1675,3221c3496f264612a020a4562e8b32cd122820eb7a865d12a340d55452ee0b93
1,A,Y,184,184,1704,1726,9f35b2a5b8323cfc484e7aa8ec44f9a3036a634a2bbd72d9fb6d1435b7992283
1,A,Y,185,185,1764,1764,efd912164ddc7ef8af0e0a6eeb98c15e28285a4c0c5e6bb29e1a604e81ba73f8
1,A,Y,186,186,1773,1776,84cf5757650d30c2fcdac7c06f88811d3c8b9b4c57b6796444a1233296395821
1,A,Y,187,187,1797,1799,75c88652cbd43a5aea5d68e0b1f7a94ada8005a65b4526585da366948518d3c0
1,A,Y,188,188,1357,1371,3cd0a85863119895cbb62d7cae0ee28da4d7f33af2412d2cbdf7d101ef5bdb45
1,A,Y,189,189,1636,1638,1132c2582282704425b12939417c0f453df8ca738256b60f70792e4a216bd38a
1,A,Y,190,190,1922,1922,8148b13f195cbd4bb75a4864987bd0e6616d0348a1e8dc9542bf6f7deb0505da
1,A,Y,191,191,1795,1797,07e68ba16ccf427dabf40ac1323138e2f15427e12eb2a36500dcf21a4a8bc807
1,A,Y,192,192,1477,1477,bffd5204a134e8219b600ba1ef88e2c1267ef68f7dac3768ca31221fbb3b3e99
1,A,Y,193,193,2194,2208,78464b13afc1434aaca1049e06a6ca12933deddf5e423cd7a8fa43988af32c65
1,A,Y,194,194,2008,2042,bc6e27009d22cd38430f026019408d516a16926cf7876971fce03836cd20557f
1,A,Y,195,195,1966,1969,99a08a5d0a22e32ffc3a07f54e94b5359625d9df5bb5aa9850b5df5bf37813af
1,A,Y,196,196,1856,1891,020a5ccfcc5fe68fef3b8d31aa9e4ddf37602923339b63ceceacd236b4abc153
1,A,Y,197,197,1588,1611,ba624f325733b0d804f2c6733a0efc88f00c37bb935f8552c445d5a6d17b334c
1,A,Y,198,198,1047,1047,91dfc31094246946a38a956118f17c0fd29183a73cb8032fd44e22fd61538e70
1,A,Y,199,199,1314,1314,fcbfaf206f1192c16c265d2ce1ac1e6a37f25a15d835ba3f29541927c51f3cb4
1,A,Y,200,200,1601,1601,51f2f7e85c69509533d930228d03c858c9f7a68899567eabeac51983872f3eef
1,A,Y,201,201,1678,1690,a9e69d6421b5b32583b612811132f08bda8aeb84a3eb21c34c643307bbb3bfb5
1,A,Y,202,202,1822,1825,36d31e5fa85abd3ac2cfce64c0f85aef2b95edf0f2e8bd9f5625d234f251199f
1,A,Y,203,203,1670,1670,8ce6fd20e9393b0ccf80db1d22c0add53b55745e8ee3db1efb177eaedc2dcc36
1,A,Y,204,204,1483,1485,55dc8189be2d21cd11b01887ba22732b64cedc8db59c0b184ac62bf4521f65d1
1,A,Y,205,205,1284,1284,caccd8f8e31d35a161738f42fe0881957650f8029be920463e43c7243b4c8656
1,A,Y,206,206,1828,1829,d10b85e9d79aa0136319211518c547dcd04760c222bb7c03b7954a787a8ce49e
1,A,Y,207,207,1646,1674,3b83e68100ee03c0eecdac90d17931e945cd1e71ab54e7e3e7683da83010db8b
1,A,Y,208,208,1992,2010,3c836e3898b1a54d7893257515ca1a6b766f48f635fd14151542b54ccf9c9948
1,A,Y,209,209,2484,2527,87d6bf6392becaced1e0c9c962c0f1fe789934c4ffec542f6d109538e6b0cde3
1,A,Y,210,210,1676,1678,4e9c403bc98c0a796f1e71970a4707d7a8b35f6f39f156b1cde533e17f346be7
1,A,Y,211,211,1982,1986,dd588687913ac4f5f04656a46e3cc4faea75e725357895673251fb06ac785115
1,A,Y,212,212,1808,1808,867a16930a4c497dac8c7050c82a1426c9402e8422a9cb18a4bc5d0b50171ede
1,A,Y,213,213,2014,2018,75a6150f6021a92d323c9b5b28f3a95ffb0a90c7b7fe9d3a34b1c697c601be63
1,A,Y,214,214,534,536,63d561f7045f725481dc8335032879910b72b0a5a125b2d42121d9dacd33da0a
1,A,Y,215,215,1478,1478,ec528cbae93517bc53a6cca1eb4dac1bc4249bf8aa3e3234df91c2b8197c2802
1,A,Y,216,216,1616,1616,c213065b95b0aa3978f9212cb151c517e6648a9826f1bf6f705891038a71a4ae
1,A,Y,217,217,1903,1961,814728484b769feb23b291c2d31cc13dc82fea7a19533bddf87c238b5a0e48e1
1,A,Y,218,218,1858,1860,9b52722d2988a874495e9f1d45ff47a8580e194da1872b0ea51d22830b6e82f2
1,A,Y,219,219,1401,1405,2084164dc48bfab4e59d85a466dbb86eb7004afe10a34a2f8fc2e234455ecb77
1,A,Y,220,220,1935,1955,c1673587f1c6916fc9280743537bd9bf460c5b4d240c9b18e5b4f31d39c23932
1,A,Y,221,221,1807,1808,9f5fda5ca994ebce8c7dd67de32f750766db24b4b9e4c68fba51625f7b0b6d00
1,A,Y,222,222,1871,1901,8dc15fded32b37b238eff58f24606edb198ddec191e93e3f90de0268e40941d1
1,A,Y,223,223,1705,1705,0ca9798277bf3825dc74202eaf102932a531766139aaacb47b474072fdc5e4bc
1,A,Y,224,224,618,618,968314ab1d4bbf1f2d3c6b4f8e30c700c813ac0b1b947a55f896ce81a72731d3
1,A,Y,225,225,1686,1700,ddf5933208cc6d09ef121402722d3c599e9e8fe429289ea5ce68cf79ec44fb49
1,A,Y,226,226,1560,1560,1178ea09dddf0e86280ceaf9e011a1cb9241eb99fe9eba76fcfc708fe357e477
1,A,Y,227,227,1781,1781,5f2da263863d175bb885d37313d0a2b95f6e5fcb859a225c6da8ae928d7867cc
1,A,Y,228,228,1499,1499,0457133d23585ba51559224a7073c61bd643575790c5815d0be9d3f9a4571f11
1,A,Y,229,229,1713,1719,b257137e73837f01327aa48e095ee4717f3c50e8861059941f230049ee803fc8
1,A,Y,230,230,547,547,3266926ec1acd8278269a1a9ff5441b98af20dcb04baf84d3f4dbe261b48ecdb
1,A,Y,231,231,1755,1755,a4f23bf38bcf3500643e0b85a4c3f1fe737f1460d6b9add5f46aebaff91ca712
1,A,Y,232,232,1636,1656,bc0b55b9fbf4f6c61f46a12d54d155dad3f9fbbbaab4ca02ebfe1ff79eb7d03d
1,A,Y,233,233,1585,1585,2e489a00d92701f04c9a92a4bf0ec253d8e29324b23c60f516b5bbc89996d4f9
1,A,Y,234,234,1425,1431,b8b7623b0311a772beb654ba6e721c160c9b70b4004ebd35f6d74a73a888b21d
1,A,Y,235,235,1695,1708,4fbf6a5d7d02ec15ba86a966fb4cc5890713d504393fe621521488c693de9148
1,A,Y,236,236,621,621,a2182764ec743228c9b2d3751e37b65849cdd540a237a8cd34b6d1ed173d43f2
1,A,Y,237,237,1918,1918,3306e054498105462b5a19e40b6ea9a71331a59df37109d8a292188a5493907f
1,A,Y,238,238,1490,1522,e8c78adec6a47c4295d3613bd9d9342fc6254aa25119e171073d1a43b184a5a9
1,A,Y,239,239,2000,2010,da651e1c942d8c4dd076f79d9991b895fd34060f4ed397b4d131100e6cec16d3
1,A,Y,240,240,1467,1475,4c9e1eabee3c2c17e4da63efbbadb32ed806f049a1a004b091736bd3c3e939d5
1,A,Y,241,241,1449,1449,31c3e296bbeb39386a1425179182d39e0d34c6807ab4ff8d93213ec4ff2e0aaf
1,A,Y,242,242,1812,1832,97ebd51bb5fdde04426dd0fc9d3fd6c648a9405a5036dd96287320b5edc7febc
1,A,Y,243,243,2215,2215,da8a2b0b648c73f081ad770c3cdd33e1f6d04c69de2a50093f2cec8f4fab18f8
1,A,Y,244,244,1898,1938,db2cba242d467862416d2ea0889c19f9b65de1085cb66e0745b1eb8753c08ca3
1,A,Y,245,245,1404,1404,2230ec4762ee7056957d9ae150bc6270258ddb2ded530a9f286bfade609c6745
1,A,Y,246,246,1651,1656,4223abfe7fbe8c6dff4b72944e950244db48eb3ccfd10c25afeeba18881bf130
1,A,Y,247,247,1299,1299,fcb0d49e8644c6841a9f0fced584e32a254a1b5d810e1c5e18250dfa53877835
1,A,Y,248,248,1551,1582,3f77e314e8b20d126a51dd5efb70d53f5fe945f39492477e66322521b6f46b5f
1,A,Y,249,249,1666,1688,0a413cf54f48e050d9a697935aaaa4494b0687e172c57cd8b34146f01e2262a2
1,A,Y,250,250,1881,1881,88354fb5017c239402b44b46da522494fb7f188c25dc2e2f62f7784f55ccc705
1,A,Y,251,251,1810,1814,4df6035f75f556d31a69a705bfd3fe3115cc54321cbac4d130e7304af66ec129
1,A,Y,252,252,1438,1455,75ced8ef1048fd899a571550e15f61f26119609badc5d57608eabd02a5513f23
1,A,Y,253,253,1768,1773,04aa0131051d6258e0191f2f63e085eb70cc8197d6dbe1d656d4cfa8427fd910
1,A,Y,254,254,1932,1972,5acce4b8c322521479db92bba09820f04ff6c3e05c49076ffed8beca5b1c1c92
1,A,Y,255,255,1373,1373,76787539cddebf1d004262986efabb507d3293303659347142150bc722e2511f
1,A,Y,256,256,1437,1457,1adb3dc1747c261844c98bc592ef6b6cce06d099a4763d092c6ff839ee7fe985
1,A,Y,257,257,1810,1810,0e980e6ccc01e2adaa8745e7ffe12ecc4c1c4e4a67b4dcc6a26aa2e1dd814295
1,A,Y,258,258,1965,1973,41e517f4325a9c29481414fafff3bd465c17719e2463d7d238e816bb9d623461
1,A,Y,259,259,1327,1347,88d7700c44bcaa66b6d9e6141b365d53aab8c6e2175d04661e453398df89df4f
1,A,Y,260,260,1769,1781,861c7dfd3fde7e850006243776dceaa0e4cdf10d83023150783b3c8c61e4aa4d
1,A,Y,261,261,2038,2048,b48da52561fc9b089fb154d385eec3d3c135b7fd91bc2d7798efff2d337cbdb6
1,A,Y,262,262,1678,1680,13b5344a0ce00fcf6e8e1f9fc85c4fa600c8edf4fdf999125f29c2b00d48d03d
1,A,Y,263,263,1708,1720,bec01a87fc02260e331efc4174520dd137a47038eb6205332e3f2f41299ce89c
1,A,Y,264,264,1575,1575,4316a7206cf06795c6c972dcb231f3114922dc5ca682b93db516b23fe20d3d57
1,A,Y,265,265,1627,1627,3ae9a1705855406828a3429bd73d113c603aa9785e6244e92d6a2676d5408984
1,A,Y,266,266,1358,1359,949371a11e1809ed8869f5acd8598e7b62da80cff6f6865f432b80ac4dfc709e
1,A,Y,267,267,2360,2365,c94a4702cb0ceec544c0d9381b24822ca524640032289348cc8b2d954e953843
1,A,Y,268,268,1905,1910,7beb99c69563eede4537cbae8007136427c0b67285181673d28966a99b8bdb83
1,A,Y,269,269,1990,1990,31a7c042613b0008214fd2ad17ff42ea3da846260510bb767a0bab1e81c9cd77
1,A,Y,270,270,1866,1870,15a0691936584bbca59c033fdacf1864ea75fac9ab4258560ff0f42f660d5ce5
1,A,Y,271,271,1248,1250,a26d2a54483569e765562bd25c15025af614d374f1af44753ef58f81e69c68a3
1,A,Y,272,272,1500,1501,0d70ce4a77c5f646852a0be426caadc288c3b8c3cf35742dc90222f1a030e69f
1,A,Y,273,273,1830,1872,d3069f9576786043ea670698dfc590eedaa8123d18c27f1585526daac9479d66
1,A,Y,274,274,1963,1963,70d24675377756885578b8af94e76481f47ec0d583ea8b090c1f630d6f022560
1,A,Y,275,275,1926,1970,076f6ba57c9232580ab407fd8f70b7ac076e84712ecb45ca9d57215c6bda818e
1,A,Y,276,276,1247,1247,d06ece7a636be94bb88b6312d4d924aafe86be086eafc6765c86a00e16fa14e2
1,A,Y,277,277,862,864,964d42ad3c62f0904b5fbb81ca6f16a891afa7165f8b4a8008b396f30f48faa2
1,A,Y,278,278,1039,1041,f016dc4818454ea755b10414d7839b6bc244013b572ad4e617ae9c471a2b70fa
1,A,Y,279,279,1430,1430,19f7c1c19d2a97b21df21cbc8d4f425e5d04d4f107a3697ad391fbba8fc3390a
1,A,Y,280,280,1360,1360,54e95ae5be8a2039da26aeeae78ea68364de958ff1b4bb91029068b21721129a
1,A,Y,281,281,1481,1481,b03826049e294918bad08a88c783ba657402cd4cd4c5950ad4b7f93a2abcc519
1,A,Y,282,282,1723,1723,d27f22a61fa084abdcedf0de74c60b481df8d1deb662f1e7768514da6b513d04
1,A,Y,283,283,1831,1833,ddfd235bb03e7cb4727d50147fe93902231520af2ddbb4c5d572bf42e47b7fd8
1,A,Y,284,284,1653,1665,0b61b8b6c211153d1b835f8ede5fa9dd833b82c450a8ad6835f717fc03e6fc73
1,A,Y,285,285,1264,1264,c8c43b85c3a97a8a1b8242a3010e66dcc70459be83ef5f171c27e3f8a054ffaa
1,A,Y,286,286,1447,1479,f3636eb379d3b8635489ea3791c2f34a8acedc00adb237ed145382d6928e7db9
1,A,Y,287,287,1780,1780,0cd26675a2e55defe378d983e07d4612964e507d207d3d278c3a73da551f69d0
1,A,Y,288,288,1630,1630,c52373beb74eac7bd04dbb16e1c3c6236dfc5db8094d886f759c486649f42b6c
1,A,Y,289,289,1632,1637,c0673716017b12ce2d0efed628f54f7d59a51aa29c76a7b6dba2c6efdb9c1c1e
1,A,Y,290,290,2058,2058,c2f36a52f8da0972dc7bd8732bf40b9a2a4f829461c35f81f167af3032b04887
1,A,Y,291,291,915,929,4d91cb1df3ff11f025deac5fb588499a82738f49bbad5c118701d879c8345039
1,A,Y,292,292,1459,1483,4fbf029e0a05d7a3ed656719326ae463de99422bcd32f5edc8e8a0d14f0f88b4
1,A,Y,293,293,1006,1006,a6cc0da74130f6562a47dff94891377df6b5708828134c4f68615f5c6bb9fc89
1,A,Y,294,294,1879,1894,25e6adb76298e2b5230dae8e5573ad6b865439aef31b58c7383e300f00817e62
1,A,Y,295,295,1829,1872,07fb706895254141aed08d4720e0b4ca9c7bcc1b38e89dbd2bbe62382890a163
1,A,Y,296,296,1293,1293,d57aaa01e86805546242afbc8affee444706282ef1d8107dbd1c99e80c75ed6c
1,A,Y,297,297,1891,1891,d5561e6d823c576c3cbaaac3ec09d13969ad960454804eafccbd399658f66c3f
1,A,Y,298,298,604,604,7a66a8813f5702a3d5b4d21459b9448f4d7366839d36d6dfe105e5e266f4063b
1,A,Y,299,299,1780,1788,403127964f80c91fc9700b1e4f0cbc753590b0d69da5431f89ce8a84d32da6e0
1,A,Y,300,300,1902,1923,61fbfebd8ff193b975c5788da9634c037efdd3d328f3c004a89b8afe55492d5c
1,A,Y,301,301,1513,1513,76dc0d8d69dc5195959daeb249730ff7acc0f878be8fa4c2e1b78d5a5924a62d
1,A,Y,302,302,2055,2059,4d4254eadeafee49b6838807e0b3d08663a16340bdcf42bfa4828ae4506f0229
1,A,Y,303,303,632,632,e89865cb69f31c810992263dc3618a1a3abff7ccaf5fa42a6ec7a2e3220fbc5d
1,A,Y,304,304,1550,1553,0e6c485ad7e696b99d2c447683d82d1a01998f96b396e58ddd05ecfc80247430
1,A,Y,305,305,634,634,b8a8062dbcbb9aaa67d3f395a8d58f7b10a08a653323fe2289d73d4cc05da4bd
1,A,Y,306,306,1774,1786,116638b8d3805edd3fe5e27b6b4def2432308cdbbfa3738adc43a3cd234e5362
1,A,Y,307,307,548,548,bca0f9120eee03527365046df1af6d26ec3ba42a9aa0981833c4d4b84efaa6ca
1,A,Y,308,308,1814,1814,e1464c8cca0b98546452a79c0cfa10ac4cbfc2e28100a77d1e78eca0df15b139
1,A,Y,309,309,1740,1740,52ee01a724a177d0c46713c7d757b33ef42f5308d9cbb97815c692aa05e2ab61
1,A,Y,310,310,1982,2031,13e2ba25a79f1450d7bc4e3bc268eabedd0bb1094c33c0b6e73e67d067f68a91
1,A,Y,311,311,1848,1848,eb7281b66d9b9d90a30a9a7da6988a040ffa05ac508876025491b8d7d1a95520
1,A,Y,312,312,1753,1753,dac1c16359b337c3e2ef24111cd89e191b81d610c7e425d02d8da692b9a07deb
1,A,Y,313,313,1624,1626,ea619bb44ef7c289ac5fdf185a6c737122d745efba3854b0b6e132559c382711
1,A,Y,314,314,1858,1876,6687fe2b0dfd179383a17f94503715dd898b8cdcf9bda09bac41d846632689dc
1,A,Y,315,315,660,660,7395d8e67cb3bfdc109b1a56c5e5da101cff7412ca9b6566fe707469a6cf5d6b
1,A,Y,316,316,1758,1762,2125a38e8ca407372f572e85abe16e18bd955c935933dad76a525ba9531140f0
1,A,Y,317,317,1769,1796,2642d56e9d205f96ba9dfa6f63e273a46e863d5399d966a86a2d04f8365bddda
1,A,Y,318,318,1672,1678,61d9908c8cbfc0edbd7ec30a71d9d0bcc7e8c5116f232359a896f8f039cec32b
1,A,Y,319,319,1883,1889,84cbc1a3648ed0f60fe0280ea5f6d0d4a115de760f9baa1c3515950ccf57ff49
1,A,Y,320,320,1400,1404,64aed91ec033317ff5ebc76dcc28516ba785a3b3385a6192ee60fe1279c3f64a
1,A,Y,321,321,1503,1503,785f64ab25b43353179ead5af35bdbd53b92db68ef48b2d99f712a7fc3fbc663
1,A,Y,322,322,1707,1707,bb4ea1e847dae343c36d8b49530c9125f1394f5daaff9e52e0ff19d178d03f4d
1,A,Y,323,323,1763,1769,2b3f7fbc87035856398d8994255f9e66de7276147d16285a24e1ab4286c1ec39
1,A,Y,324,324,1917,1973,fdf800030b4e3eabf53bf62b5ce7cdd43cf3c56a13e428b47fafd12097010e3d
1,A,Y,325,325,2561,2561,9c31c7c032eab8aac675a89e0860d41dce16ba34473d0dd47abb49d64fb3dce3
1,A,Y,326,326,1872,1903,ec1f6a647fd2bf9c5420801e9b32fdaff0a0b0c054e890fcc4ce848b7941f2f4
1,A,Y,327,327,1901,1901,eba987d3313d82e066dd3e760af4e728820c295b748e9cbd222b1d8789f9e329
1,A,Y,328,328,1608,1608,c417ffcac37b098d35dbc237b1ab591b24968de84a5a038f8ecc635562cb8497
1,A,Y,329,329,2103,2128,ec87f164cef45c7f120129e94918640708f012cfcd79968322533610e85fa176
1,A,Z,330,330,1699,1699,804ca86aed5b0c9b7a998776fccc2d00881e3d7e9f8562c5645dfb1e7234c3cb
1,A,Z,331,331,1666,1666,98855b8e50f94a37c637ed0ec95417558524ff25ba714dd689978d6d4049322c
1,A,Z,332,332,2089,2093,951ed04a87101c6f847e06de28a8d17b487764e30133b20d6a6aa448d2d81ad4
1,A,Z,333,333,1397,1397,c5718b996d9399e2102fcf0673f2af8ad4325bb5d12bdb79621dd6fd62bffb14
1,A,Z,334,334,1716,1728,39b06c03af1a572e391bd44680ee3bbc6a4b3319505c52f72eb27e9eed3576a3
1,A,Z,335,335,1665,1669,a3775108a1ef3b80542a0983413e14e9f6aba7aaffdb7f04f5b409de7ce17f4b
1,A,Z,336,336,1071,1072,17a7065dd2e4ef368e2d2499636d4defcb627db395fcc542a63482451f8da59d
1,A,Z,337,337,643,643,ae56c45156a081cb71d8a206e941f82db4632674948f4448c7ed40640bb51107
1,A,Z,338,338,1653,1653,abb439bc6b5bade02a6dd45306f5dc348497cf1750af561808a25dfe1356d0f5
1,A,Z,339,339,1903,1917,953f65035d96beb7c314b8aead2c90f96ad055795880f60f26a62b5c1d3b0d2d
1,A,Z,340,340,1852,1852,642305cef08443370e392cb086c4831998271093b4a5a23a816f0f7ce3e79e04
1,A,Z,341,341,1580,1582,c635345187b44a3174ae931319b6b5944835a28c803875cbd655f855312d7e57
1,A,Z,342,342,1394,1394,880faf34ffeb2924087f09211aa3b74eca5095a7354ae2b0dfdbd2ab9b755812
1,A,Z,343,343,1288,1288,b66f2f37bae0c10274643b60c1f10f9ff013d1cb32332579df5506e48e45b2ab
1,A,Z,344,344,1832,1840,836667f63facca5de8f103215813a95f564ff7ddcd75db68abb1daa245857b42
1,A,Z,345,345,1637,1637,1fe488b4723205b15e646fb76a5a0f07638f59f814fce6b117cc9d35db45cdd1
1,A,Z,346,346,1960,1966,22ac23c2db5383b623caf57197d7de4d0e39f0fe38a65567c87bb36510f5664f
1,A,Z,347,347,1346,1354,1d3bf72dbf7634ed581f79b57fee58aa414d6e7aadcc84c0330fa9da10df1b36
1,A,Z,348,348,2777,2780,ea3661421e8572af767cd0c95beedf238f2c3864e89a733e1af40a1c614178af
1,A,Z,349,349,2042,2045,84567bbc1d0146ca07343dc7c546688a5ce0bcc16b264464c6ee31b97a8607fc
1,A,Z,350,350,2065,2101,ef9fb041d5a871ef56f8872380e2d913c106ccc196cc5e29fdd69d5d9a8dfcf3
1,A,Z,351,351,1689,1703,543dcdb701cefb8d023219ccdbdd90e18a1291d89446dda50a134b78a621e222
1,A,Z,352,352,1699,1719,f56a92b9b000474c766a3b7665b903bc7690b40a1d082c1793b554b79405bec4
1,A,Z,353,353,1204,1204,bd26ca93fbe1bd72afcb33ae80d4fc7ec104e24625f8773711c14f9515b9aefd
1,A,Z,354,354,1392,1392,10a9b937d128c3f3bf69f3ac4f8cad932e76982381c4b9e0acc49162421433bd
1,A,Z,355,355,1853,1889,517d7bc5a76709ff6761a2169e9ea00abcd6be184a9349657e5aa04b47167655
1,A,Z,356,356,1550,1551,e9887b16be42d959b6656e0ef931809868510166594028b05d281ce6ad7844c6
1,A,Z,357,357,1666,1670,9d38722caecd647cfdace60f950c807c5042722ab4a1d95ba82640e5d3ae759c
1,A,Z,358,358,725,725,2973f604535ccedfbf4ccf34b8f3d0d1702f64b18d36e19d310b4fb4e674e750
1,A,Z,359,359,1662,1680,5b2d48a88fc2e012f8b59d7f527d42c7ab171fa76899e6b41dd433a03a917e62
1,A,Z,360,360,1585,1593,59abaeaa1a62b4b00f05f75a0e38f92c9eba079d7f51213c6578bd21253005e0
1,A,Z,361,361,1716,1719,ac3781180fd05874f0c9c613c840a84f562fc80d4987252030d6e8a16833d066
1,A,Z,362,362,2275,2276,b302206dfbebf939ea910ccda0a56971b8e1f1a487894c3e9e6cb1a47d6a1115
1,A,Z,363,363,2083,2090,2fb1af17a7b84071fd1817e10e2e13bcb7d852aa3b1c2fea4c28d82bbe2b7049
1,A,Z,364,364,1424,1448,39e65f17434ff7d433a6034ded865edd94f5b249178a8741d6f7be694b641524
1,A,Z,365,365,1141,1141,9edb2c29a12058e3c6fa33e9041b050c13d074f1631e6096131f85445e1f37aa
1,A,Z,366,366,1866,1882,9dd3f648bae38231fdbb572f20458ec0c7ae32ce9cb215e143948037fcaf31b8
1,A,Z,367,367,1415,1417,4d903be56514ad9cba6165e488d489e7629b33db88193e636ed4436b280399b4
1,A,Z,368,368,1919,1989,32288e3dc363826915bdb4a6d89b37f4b5b50ea7db513c9b6186154ea10e8dfb
1,A,Z,369,369,1539,1545,9f3ee34a6af84b2fb6bb0bf1d41952d8d82057146042cfb3f6d3730577e70f87
1,A,Z,370,370,1773,1778,4b9d6a6ce08564042f6e6ad66263d2faf2d2a1a9dfdd524a7c66e84996e3d748
1,A,Z,371,371,1965,1975,d69b3b9fad2e0c3f21566f8b2ad817f18426aa868d1d49950ff4de131be810fa
1,A,Z,372,372,1538,1538,68e5949d4533e2e95ae3839815e1da0d503ff3402b88812584e9762a7663da4c
1,A,Z,373,373,1630,1660,d97474a757e5ed224c5cf302edfe956b74ae2e9c446703a1982c87b7ff959025
1,A,Z,374,374,1755,1777,816610b14db2f1628321eab8b911690f147e22f49732b7e95e639acc0725d516
1,A,Z,375,375,1593,1599,0e47c875f9ec623692eeaaf6b6ce295bfb7ec833c96b13b487038e1dcacd8cb0
1,A,Z,376,376,1877,1896,f2d966ec0eec3342a9123635c2789f0e18ea1eea2db03aa8a20b6fcdc13bbcd5
1,A,Z,377,377,1640,1640,f87547d6e91be07a4b09318ebe001026941798635ac67d3138630777a96f7bde
1,A,Z,378,378,1637,1639,a262ec5fa4362b1fe92f4e999f664d0f2888f45f3aa3888b10d6fe99a9c9c68b
1,A,Z,379,379,1806,1824,1dfed6ea67988d3d09cc917d9f222cf5a61d5c46a3af9cb2b4cefd5d642e9826
1,A,Z,380,380,724,1302,073c686981ce52115999070924d13da56502f70a5f35bb2c195eae078ce2c628
1,A,Z,381,381,1387,1387,5ddfd9ed69df35a4be335e4a2f7943b8b87b8ce26568e4b7049592b7ca5216b6
1,A,Z,382,382,1521,1521,f6413c833f913dbea74be3f3503e770146597a6042c135ca33e7e9117d5e3fb2
1,A,Z,383,383,1705,1705,bb57130e686e080921fec4a2970a7266e81745a1207ca4f1cbe6c2b98a0091b0
1,A,Z,384,384,2029,2029,745f9604a5da11b6dd4041671ccdd8e45c0f67b8e2249130c1221f7bcb29f57a
1,A,Z,385,385,501,501,631390ded3e538164f21c3f88073f7737882817d143e5a4d704a1c79f383389e
1,A,Z,386,386,1809,1809,028bb21fa3c76b263b8aeddcca84a8d67c642685731044ee78417d79f36a3f6c
1,A,Z,387,387,1874,1888,0bea3299b4941676caafd441546ddf03f9f7f4367e4463e87890a248cd3a3f07
1,A,Z,388,388,1649,1650,5c2a9fbeee8a413477e438c2a75fc160e77f4c01369fb4f9aa35a1e672c657a1
1,A,Z,389,389,1305,1305,920f51c478317ae2f76e4249b418c882fc2540a777e60441438ddfe527e61ce4
1,A,Z,390,390,2122,2125,f50d529ba8732314f811e1208c5830a548e2ab5531b0c32af9b60965b1dc1599
1,A,Z,391,391,1663,1663,1797b2242a44b0260fc7363081eb8372431a6f09ed640fb15643a76c3c16959a
1,A,Z,392,392,1763,1800,8089e43faf590e4f7fe49efa92c3b38b0416029595f2cceb1b644aa98df95196
1,A,Z,393,393,1983,2026,1cab44c41b7fca253c9bfb0599e845c1861d6c9cedf8e84ce3c1fd67dfe53f66
1,A,Z,394,394,1778,1781,8c0b5bb82b4fb4d8940828d0e1f5719c97b0b904c958c6a43829e6310824fc61
1,A,Z,395,395,1610,1610,9384a55c94d3f6be7cf91fad40df0d7e19bf5bda706da543c7615bc424b2ef7d
1,A,Z,396,396,1713,1733,f45bb636ded27ebc71272df727a81d540fac15da24f85fa273b605ecdf030b3a
1,A,Z,397,397,1704,1707,e4705939a0fe49c3b811c1112c16a44d3b96266c31201b8404b32855aadd6b91
1,A,Z,398,398,1921,1969,b08362c0f500b7d9da0640f0556efbb56ece88cf10baee866ff4936c0b6c569b
1,A,Z,399,399,1597,1603,284f43819ec14e69b689e4332f995780f9eb7a85c05a1563d50fc6d32c4ec2c5
1,A,Z,400,400,1719,1749,490ac67d2273e13da8ba12e3c91acce02782a79f90ae3f6c20fd3155701fe04d
1,A,Z,401,401,1416,1438,195abc114fd6b0259c9aa6eb1cc5cf74f7609c6898c4b4a585f337d25c7f17ee
1,A,Z,402,402,1726,1726,72025d3dfc0fd163fcc19190aacd1f36a33cd8cd9d60fb57464c5ee64e28cea2
1,A,Z,403,403,1421,1425,5f33a19c11fc0e0bf88c516dbf43a7f3e28ab2996c4fab3589bb7dd67bc4be7d
1,A,Z,404,404,1843,1872,67ea0c5a57692410b79aff239826154aa72bdb9aada0a30283970ea503c950c7
1,A,Z,405,405,2064,2070,e0c0e47a1cab2780d5cee3e4e4083e455f958a2baf26250501940c333e4cd658
1,A,Z,406,406,744,744,8c89215712017ede1163aa8ef437e71d67f216eda5d95d3df0176079b3f3c3f5
1,A,Z,407,407,1100,1100,90adc8437739169b45d9e32f454d7a10409a9e5a78dd9687aee1fab1f14ad73a
1,A,Z,408,408,1417,1419,bac952bd5f0478fe9a949ee3a4342a6543b3ee1e03a5f03310864be269fe5279
1,A,Z,409,409,2154,2154,4141ace6ed14a3f574b0f0cd9fa6e1c007a9e64a4a522b3dfd3e552292849e57
1,A,Z,410,410,557,557,5cfd5fe1fb3d7e1c091d788a1e109d0c05ada86d039748bb8de5224ab1295907
1,A,Z,411,411,651,651,5f19f65ce550239a9966172d0ce0bb273bb72dec89eca92e53d901c46a66b468
1,A,Z,412,412,1276,1276,2590a1554e43cbc748c260b736b4d587089603ae72e780c86559088a5969f4cc
1,A,Z,413,413,1913,1960,b5fa443524314fa8116036b5f1f9aeef185447f8cea1dc433dcb4e98827df913
1,A,Z,414,414,2193,2193,dca136b5f534a4b53593130b9acd111d3bcc6580f866bfe1754d71c0853e3818
1,A,Z,415,415,1430,1431,b2f84d9d12792ef2d90b1438a1ab7acce63a0248964740c1c299914423a2ed0a
1,A,Z,416,416,1623,1631,7fd1b95e104308553395df677a0739b2bb36dd21154e2fbfd48a116e3930f261
1,A,Z,417,417,1201,1209,08e321547efcd7abe972ef3d42abcec4e3e4bfc021e6f61c1bd161adbd29f0eb
1,A,Z,418,418,1801,1830,5eea2e8ffa21d334c725eaba47524eacd470035e2a23e1c8d8a7cb9a5de9607a
1,A,Z,419,419,1951,1963,678e3bf3e336b80849870ffd65505ba2254846c938233f2fb5b1f6811c90b553
1,A,Z,420,420,1963,1965,6f3d3f071b5ef7485eb4dfcf0817c4d777d79f5c7a01475baeba002329405480
1,A,Z,421,421,2000,2000,89cce24d14c1a054b5571fd6d393e809f9424d3ee73daa68f271fa495a5be1cb
1,A,Z,422,422,1743,1752,dc4e89fcd081d58dc9c4cfa4fe9bc34bfb84a2af4361a72d968a88894440625a
1,A,Z,423,423,618,618,b915bb82c4461cc0a773eedd9321f5cb76f8b72068b5debf3933e471a3170e6d
1,A,Z,424,424,1814,1814,d11ad96be861bf157b46066c657714ad5d94b01424ed4b90bfdc6363d2c09530
1,A,Z,425,425,1627,1657,832726853783ffd826e19482b5499559303e16d3e81cddb147bb2464c1dab83a
1,A,Z,426,426,1720,1726,f3c66899b16c77c3c136ae96a58923d5c641a508659a96866d24bb8100030e27
1,A,Z,427,427,498,506,0ec3dea8bf33c115c4df5e4f0da60457de8358250bfdb4c772c24559ba5b6b8e
1,A,Z,428,428,1901,1909,f07f69ea02025717cc623b87974f2cb7147dd676cb0afea87ae5873a08e97250
1,A,Z,429,429,1731,1735,642474ac61fd12858b304ce314b2b80170feeb628877494e1812724be9d8a753
1,A,Z,430,430,1454,1454,da9dab5108c36ecab48c5b84c599834b04bf232fef4151929200cccf132834c1
1,A,Z,431,431,1966,1975,9d07fdb598a48ec950ed8edb0c1e0773f5f04923d9539ec7574fe77dfa1f18bf
1,A,Z,432,432,822,822,578414c785cbff6459193873b2115ebfcf6fd9116cd558fb846085076643ea1f
1,A,Z,433,433,1315,1315,da6d968c67d5570dbbcaaca61590f4e66c0f01b08a450823aaabb7936f4b824b
1,A,Z,434,434,2112,2116,29f3912dbd110384ccbd91218596004eae768d5f155a0cc4ccbb6611c2690946
1,A,Z,435,435,1581,1582,0b29aa53a24fcfdec71a0968c19768441c5e61d91e1a1b146913cf1ad4f34aff
1,A,Z,436,436,1617,1617,e33aa854b236a60d6c6819521c4fdc9d84b7b82f41be059d08ab6af00d464752
1,A,Z,437,437,2132,2177,7ed6619e122e541a5f312b1fc67526780f5fa2d33fec077980f4a9d5b22ef54f
1,A,Z,438,438,2290,2294,a277425e2cecb576505b379816751af88efc1cac08f43ef78c5f72626be06a54
1,A,Z,439,439,1666,1674,52f58b9701952f8ec6775829c5231936646485c08667540e2ec92aed01287aac
1,A,Z,440,440,2055,2061,768eae0f4aba43b7bf50c6ae9a917347b39871e16f2dd3d1f3cdd24e3b84e804
1,A,Z,441,441,1715,1720,6165d8e816ff8cfff092a9bd9b7106b0b511667d79e88b0258ea2b3fa0f28a24
1,A,Z,442,442,1607,1609,45dd0afc2d45640bc7c53213210421cf187669ca0dea7dd9a129ce840693e1cf
1,A,Z,443,443,2061,2065,4e4395f6ffcefaaa47cb9e5a1e610a5b87e37aedec8e44d02c6c723bb2d70fbe
1,A,Z,444,444,1876,1904,4cf74552ae22fbe4f16dd32798545e9277ca137dbd225891eb6e55cda25a1997
1,A,Z,445,445,1602,1606,e6ab91ecac03a990afc5cf96dccbced5be9a0814f79aa8a256bc493be4fd1cee
1,A,Z,446,446,1500,1500,88e0354d105add81ece454aad6d56d7185a21a5e92d3143944fc8a2142821aa4
1,A,Z,447,447,1830,1874,c80d7f79c77c24b2faa49092265ce75fc277ed3fd67bc1d309776980372a27b3
1,A,Z,448,448,1239,1239,982b1e8ac05cf3de62809e29c278fca0f07f9eff3d33f25e156f995868b58876
1,A,Z,449,449,2029,2029,2d38291d56a10af0b458c5f11bead76bd8753b2cc9263139fb6631d93939baa8
1,A,Z,450,450,1379,1379,0633fe79e865d777f4b851acacbf6c4407cc187b6e709fe5a1dfdf96d9376f10
1,A,Z,451,451,1242,1242,3235a182d9a43e865004b438c9719b6f30b629de38bc48e59bc80122a97531b4
1,A,Z,452,452,1534,1534,e1e0e1b625f3a0215b8c8c88ee2e03cb92b59898f8dfc67a1a443100d7de9ba9
1,A,Z,453,453,1324,1324,8bc2760c386c70a249e0d34f82b96ca930566d5f4a9ad6275cd891ca65cf5467
1,A,Z,454,454,628,630,edbb42664b0dca62f6c19d4adce7c2a9dcb1866250ab36bed795a7efbaf09c27
1,A,Z,455,455,1580,1580,04f50506e771cb09fabca9041e799ab51b064a45ca14cc2182fe606b7f7712de
1,A,Z,456,456,1469,1475,9095552467645af2bea0dbf50907395194efd9c26c2aa48bf7feec6e2b70fe45
1,A,Z,457,457,1708,1712,5e25754cfae2e4456db5900677c4ea361f07e8fad428ca773a6cecfb57d5dc3b
1,A,Z,458,458,1680,1681,00a826a659f430126210e58dcdd5f7517c6074108d9eb0fa28e8dfaeddff03c8
1,A,Z,459,459,1600,1600,cb1da456ddf78824dcf86d9ce4d0ea777503f7a56ab699d8000891c1963c03d6
1,A,Z,460,460,1152,1152,09b18b4c7596ddfb6a8b9c18deffff7492c487d092baf8b1baa78aef03823557
1,A,Z,461,461,1895,1895,07195d36c1e7da7e0b67b4babce60946b6eceb7ca05afea9440bbc55cad8beac
1,A,Z,462,462,1640,1647,ebfb09a3c4c5aa70ceb31892c4fe8b2d197fe1ec94e1e9a113bc604cd75ac8f6
1,A,Z,463,463,1891,1893,4d6f7462a231edebba58c9b0bb9a1da31ba3f51ece7b834804331bfd862a661e
1,A,Z,464,464,1655,1658,191600de46592f093a5ce5f684a76e94b2a1980047180eaa6ba859fbe4c27d66
1,A,Z,465,465,1161,1161,a7028a3411ff19ae1db7bf51c3ccab89ba2d0ee925680f82372757d75ead21ee
1,A,Z,466,466,1552,1558,8c36e8c5d7d329f216880a253b3f8f5dddb51f6c96094c61a31da7f51516af0b
1,A,Z,467,467,1791,1791,90de25e152c2a276e4ac33f16b9a6f91aa8390e50aff36bdf0d2ff4ae3ee77f3
1,A,Z,468,468,1924,1927,f35742d5544f89436f83dcf253f5f289176fbd6e4c21242fa417bcbb0173e746
1,A,Z,469,469,1620,1622,70f1f2258db7f294485c1d40584ab3bbf35aaf9ca26c5de8cc08455f7d4d77d3
1,A,Z,470,470,2450,2452,38d10a5fc65fc3b8324143af8397dce767d585564a7749a8940378401e282f5f
1,A,Z,471,471,1769,1776,a70d29e302d969f340079fb36442e1e87cd4d919e80ecf4435b838a88c7ee47e
1,A,Z,472,472,2488,2500,372b5bbbc73327c325a1171074167481242bdb64268e8586316888806c0afb2e
1,A,Z,473,473,2056,2095,89fce3a311967ca1f74ea6eb5d44e7b63143959f5bbe87d874478e6fe6b661fc
1,A,Z,474,474,2000,2002,91cc5b231c134e5beb215d015a42b4b672047177ad577faac7f75fa3a377c7fe
1,A,Z,475,475,1480,1496,008a9f559d3da5ff5533a4741e2ae126573a4a7518a17cd80d743259ad47a7d9
1,A,Z,476,476,1814,1814,b03d63de725fa90537c6183e60079b7295628047dc7d6bc8b662e7dc1e62a7ca
1,A,Z,477,477,1719,1722,ad008a61981658ec8f0e1a944ce74ba9a941e526ac576b6f374510ca6e991d85
1,A,Z,478,478,1816,1821,46f622240a2a14261024f5100e92795c0fcb45a86128a945bcffecde763400c3
1,A,Z,479,479,1936,1942,b3b7fd147b180bbd7f34473e12a8d5ef143a63fb8eaae220cadd335a8464cceb
1,A,Z,480,480,1332,1338,c7198d0a1e1abc2604024bca06c064a6326cc4a48ce542797d7dc0f8bc0c9568
1,A,Z,481,481,1670,1702,3657f8debd83a60d9c8b9333c5fbad6d9f5d432030063cc51a616be74057e6c5
1,A,Z,482,482,1730,1730,b20a6101e6f00ee7bff54f3dc8695e507863a9ac7833814515d15dccb4fb26aa
1,A,Z,483,483,606,608,a04d7c88666ef070d7cec1438b2051d73008febdd89deb43c35a1a0792752029
1,A,Z,484,484,1847,1865,d1ace705953697da708471a75edb4d8d19b9a22e4dddd77b176e91b7ffa3b842
1,A,Z,485,485,1639,1639,3ea668d8f516242528ad9e12ea8ee99cc78430a867c6ce0ddce6a930c1e3198a
1,A,Z,486,486,1321,1327,6b0d917fd0c3cdd2bf2d1593759dd59e9c2c4c23b5fd827683082f5134ca4035
1,A,Z,487,487,1775,1777,ee281ce7c575b19afa7088074ae109e87481fa973f0e36a041e860cfec80673a
1,A,Z,488,488,1390,1404,49573bada9d78970b15c66c96f7a763abee836b4b5d281abb5eab206e42cedf5
1,A,Z,489,489,1555,1557,c014f2e68a5c196c092c3b681d93d0dc1fd32554cdbb6a9b97906f40c64098ef
1,A,Z,490,490,1313,1313,910565b10cb8af130aeeaa3d52e235ee03a6636f1d2086c6ac5825522386a3e1
1,A,Z,491,491,1612,1626,6f1055155d818d70243b00c2a2d54d0bd52e81ce5e13f96c22a83a6d8b2a91e7
1,A,Z,492,492,2034,2040,4501958ae62d71e08845e526a5c94a6cdcc60d214ed547d732831e4121a67ad8
1,A,Z,493,493,1142,1144,06696cfad43d1bcba907d539e5b1dec121179c0b06390e00980cd0344c8c7358
1,A,Z,494,494,1734,1739,59b7bda34f035282b82d4b951b611665e132907d181d4a3cf29862d94bc25287
1,A,Z,495,495,1645,1649,38dcf2d01809e8474bcf747b77f75afa3d97f58a676361111c18ccd3c991b0fa
1,A,Z,496,496,1214,1216,1e7d06d63f56f5e3dabe17ae7acbf6d7a89e09e95cc9dac9ff9635daae7976b7
1,A,Z,497,497,2082,2082,ced3305b5c68dc7f4bf10541113d305638acfb86f92de07eeab426883c80c0fb
1,A,Z,498,498,1639,1642,e1d5638d0d5b37a57accf4d146d30e5c4854a7e007f0d2435abf6fff528963be
1,A,Z,499,499,2073,2075,9c341b14031e33046a2cbe8bf93a7e051a1033bb0d25a636273304a2649c3fe9
1,A,Z,500,500,2007,2009,fc0e45f5fa5364aa0ab6f23907485331c853cd221830e10aabf61189075c21da
