repo_case_id,case_folder,manuscript_label,simulation_date,risk_level,solution_specific_clues_in_current_prompt,de_leaked_question_draft,preserved_problem_constraints,removed_solution_cues,recommended_use,screening_rationale
1,Glitter-Cake(1),Case Study 2,2024,very_high,"surface-versus-interstitial LPSCl allocation; coverage degree; particle-size allocation; mechanofusion geometry","Within the fixed polycrystalline NCM811/LPSCl/existing-conductive-additive platform, what mechanofusion-compatible cathode microstructure and process strategy would best preserve ionic transport, electronic accessibility, packing density, and particle integrity above 85 wt% active material?","fixed NCM811/LPSCl/conductive additive; mechanofusion; >85 wt% active material; ionic/electronic/density constraints","the expected surface/interstitial allocation axis and named geometry comparison",primary_core10,"Reviewer-named case; the current prompt exposes the allocation axis used by the held-out solution."
2,"Mo,Ni sulfide(2)",,2016,high,"multicomponent Mo/Ni chalcogenide microspheres; internal nanovoids; spray drying and post-treatment","What material architecture and scalable synthesis strategy should be used for a multicomponent Mo/Ni chalcogenide sodium-ion anode to balance ion accessibility, electronic continuity, strain accommodation, packing density, and reproducibility?","Mo/Ni chalcogenide; sodium-ion anode; transport, strain, density, and scalability constraints","microsphere, internal-nanovoid, and spray-drying solution cues",primary_core10,"The material task is valid, but morphology and fabrication language substantially narrow the answer."
3,NiMoO4(3),,2017,high,"NiMoO4 microspheres; internal empty nanovoids; spray drying; hollow/porous hierarchy","How should a NiMoO4 lithium-ion anode be architected and manufactured to balance conversion-strain accommodation, conductivity, ion transport, tap density, and long-cycle stability?","NiMoO4; lithium-ion anode; conversion strain; conductivity, density, and durability constraints","microsphere, nanovoid, hollow/porous, and spray-drying cues",primary_core10,"The current prompt asks for optimization inside the target morphology rather than open design recovery."
4,V2O3(4),,2020,high,"V2O3 anchored on CNT microspheres; macrovoids; spray-drying anchoring","What V2O3/conductive-carbon cathode architecture and fabrication strategy would best accelerate Zn-ion transport while preserving aqueous stability, electrical continuity, practical density, and active-phase retention?","V2O3; aqueous ZIB cathode; conductive support; transport, stability, density, and retention constraints","CNT-microsphere, macrovoid, and spray-drying target cues",primary_core10,"The prompt gives both the intended support morphology and its assembly route."
5,FeSe2(5),,2017,high,"FeSe2 in hollow graphitic carbon nanospheres; spray pyrolysis","How should an FeSe2/carbon sodium-ion anode be structured and processed to balance volume-change buffering, electrical continuity, electrolyte access, active-material fraction, and scalable particle production?","FeSe2/carbon; sodium-ion anode; strain, transport, utilization, and scalability constraints","hollow graphitic nanosphere and spray-pyrolysis cues",screened_not_selected,"The disclosed carbon geometry and process strongly point to the source solution, but this case is outside Core10."
6,VN(6),,2021,high,"VN nanoconfinement; 3D porous rGO microspheres; graphene-microsphere assembly","What VN/conductive-carbon cathode design would best improve aqueous zinc-ion capacity and rate performance while preserving reversibility, electrolyte access, structural stability, and practical electrode density?","VN; conductive carbon; aqueous ZIB cathode; capacity, access, reversibility, stability, and density constraints","nanoconfinement, 3D porous rGO microsphere, and named assembly cues",screened_not_selected,"The prompt discloses the target confinement and support architecture."
7,Sb+rGO(7),,2018,high,"Sb nanoparticles embedded in a carbon-rGO shell; engineered empty space; spray pyrolysis","What Sb/carbon composite architecture and scalable processing route would best preserve conductivity and accommodate alloying strain during high-rate sodium-ion storage without excessive inactive mass or lost packing density?","Sb/carbon; sodium-ion anode; alloying strain; conductivity, inactive mass, density, and scalability constraints","rGO-shell, empty-space, and spray-pyrolysis target cues",screened_not_selected,"The current formulation substantially preselects the buffering architecture."
8,PBA(8),Case Study 1,2019,very_high,"PBA-derived hollow sulfide nanocubes; porous walls; reduced graphene oxide; spray pyrolysis and sulfidation","How should a PBA-derived transition-metal-sulfide/carbon composite be architected and processed to improve sodium-ion transport and cycling robustness while retaining practical electrode density and electrolyte access?","PBA-derived sulfide/carbon; sodium-ion anode; transport, robustness, density, and access constraints","hollow porous nanocubes, rGO integration, and target-producing process details",primary_core10,"Reviewer-named example; morphology and carbon integration are almost fully specified."
9,Ni-Fe(9),,2019,high,"Ni-Fe hydroxycarbonate encapsulated in conductive carbon nanospheres; carbon-nanosphere encapsulation","How should a Ni-Fe hydroxycarbonate/carbon lithium-ion anode be designed and processed to balance conversion activity, electrical continuity, strain accommodation, active-material fraction, and long-cycle stability?","Ni-Fe hydroxycarbonate/carbon; lithium-ion anode; conversion, transport, utilization, and stability constraints","carbon-nanosphere encapsulation and implied hollow/hierarchical morphology",screened_not_selected,"The active/support pairing can be retained, but the target encapsulation geometry should not be supplied."
10,Co3V2O8(10),,2018,high,"Co3V2O8 nanofibers; controlled carbon content; electrospinning","What Co3V2O8/carbon anode architecture and scalable fabrication strategy would best balance active-material loading, electronic conductivity, ion transport, and mechanical stability for long-life lithium storage?","Co3V2O8/carbon; lithium-ion anode; loading, conductivity, transport, durability, and scalability constraints","nanofiber morphology and electrospinning cue",screened_not_selected,"The target one-dimensional morphology and its fabrication route are stated in advance."
11,Nickel vanadate(11),,2017,high,"nickel vanadate microspheres with numerous nanocavities; spray drying","How should a nickel-vanadate lithium-ion anode be architected and processed to shorten ion/electron transport while retaining packing density, mechanical coherence, and cycling durability?","nickel vanadate; lithium-ion anode; transport, density, coherence, and durability constraints","microsphere, nanocavity, and spray-drying solution cues",screened_not_selected,"The prompt supplies the source morphology rather than only the failure modes."
12,MnSe@C(12),,2020,high,"MnSe@C yolk-shell; MnSe yolk inside carbon shell; water-vapor-assisted conversion","What MnSe/carbon anode architecture and synthesis logic would best manage sodiation-induced expansion, selenium retention, electronic transport, and electrolyte access without excessive inactive mass?","MnSe/carbon; sodium-ion anode; expansion, retention, transport, access, and utilization constraints","yolk-shell terminology and target conversion route",supplementary_high_risk_candidate,"The named yolk-shell morphology is a central target-solution clue; retained from the preliminary shortlist."
13,CoSeO3(13),,2020,high,"porous cobalt-selenite/carbon nanofibers; electrospinning","How should a cobalt-selenite/carbon sodium-ion anode be structured and processed to manage conversion strain and conductivity loss while preserving fast ion transport, active-material loading, and mechanical durability?","cobalt selenite/carbon; sodium-ion anode; strain, conductivity, transport, loading, and durability constraints","porous nanofiber morphology and electrospinning cue",screened_not_selected,"The prompt directly supplies the intended one-dimensional porous architecture."
14,Co3O4(14),,2015,high,"micron-sized hollow powders assembled from hollow Co3O4 nanospheres; spray pyrolysis","What Co3O4 anode architecture and scalable synthesis strategy would best combine short lithium-transport lengths, strain tolerance, electrical continuity, practical density, and cycling stability?","Co3O4; lithium-ion anode; transport, strain, conductivity, density, and stability constraints","nested hollow nanosphere/secondary-powder design and spray-pyrolysis cue",screened_not_selected,"Both levels of the target hierarchical morphology are disclosed."
15,Li-Se(15),,2016,high,"MOF-derived bimodally porous carbon nanofibers; selenium host; ZIF-derived carbonization","How should a conductive carbon host for a Li-Se cathode be architected and manufactured to balance selenium confinement, electrolyte access, electronic percolation, usable loading, and long-cycle stability?","carbon host; Li-Se cathode; confinement, transport, loading, and durability constraints","MOF-derived bimodal pores, nanofibers, and ZIF-carbonization cues",primary_core10,"The current prompt gives the target pore hierarchy and precursor/process family."
16,N-C Li Se(16),,2017,high,"MOF-derived porous carbon polyhedrons anchored on crumpled graphene balls; MOF carbonization","What carbon-based selenium-host architecture and synthesis strategy would best preserve electrolyte access, electronic continuity, selenium retention, practical loading, and structural integrity in a Li-Se cathode?","carbon selenium host; Li-Se cathode; access, conductivity, retention, loading, and integrity constraints","porous polyhedrons, crumpled graphene balls, anchoring arrangement, and MOF route",screened_not_selected,"The distinctive two-component target assembly is explicitly provided."
17,N-C Li Se(17),,2018,very_high,"trimodally porous N-doped carbon framework; selenium immobilizer; pore-structure engineering","How should the pore architecture and chemistry of an N-doped carbon host be designed to immobilize selenium while maintaining electrolyte penetration, electron transport, practical loading, and framework stability?","N-doped carbon host; Li-Se cathode; immobilization, transport, loading, and stability constraints","trimodal pore count and wording that identifies the target framework",supplementary_high_risk_candidate,"The existing prompt states the distinctive trimodal solution; retained from the preliminary shortlist."
18,HC PIB(18),,2021,high,"metal sulfide inside hollow-carbon-nanosphere-aggregated microspheres; spray drying","How should a metal-sulfide/carbon potassium-ion anode be architected and processed to accommodate large-ion strain while maintaining electron transport, electrolyte access, active-material fraction, particle uniformity, and practical density?","metal sulfide/carbon; potassium-ion anode; strain, transport, access, utilization, uniformity, and density constraints","hollow nanospheres, aggregated microspheres, and spray-drying cues",primary_core10,"The prompt supplies both primary- and secondary-particle solution geometries."
19,Fe2O3_Se(19),,2016,high,"porous Fe2O3-Se composite nanorods with internal nanovoids; electrospinning selenization","How should an Fe2O3-Se composite lithium-ion anode be structured and synthesized to balance conversion capacity, strain accommodation, ion/electron transport, practical density, and mechanical durability?","Fe2O3-Se composite; lithium-ion anode; capacity, strain, transport, density, and durability constraints","nanorod, internal-nanovoid, electrospinning, and selenization solution cues",screened_not_selected,"The target morphology and route are stated before generation."
20,3D Carbon(20),,2022,high,"highly graphitic 3DOM carbon microspheres integrated with hollow metal-oxide nanospheres; spray drying and graphitization","How should a metal-oxide/conductive-carbon lithium-ion anode be architected and processed to deliver fast storage while retaining structural integrity, active-material utilization, and volumetric efficiency?","metal oxide/carbon; lithium-ion anode; rate, integrity, utilization, and volumetric-efficiency constraints","3DOM microspheres, hollow nanospheres, and spray-drying/graphitization cues",screened_not_selected,"The complete hierarchical support/active-material geometry is disclosed."
21,SnO2(21),,2019,high,"porous nanofibers built from hollow SnO2 nanoplates; electrospinning and two-step heat treatment","How should an SnO2 lithium-ion anode be structured and processed to balance lithium transport, expansion buffering, electrical continuity, active-material loading, and long-cycle mechanical stability?","SnO2; lithium-ion anode; transport, expansion, conductivity, loading, and stability constraints","hollow nanoplates, porous nanofibers, electrospinning, and heat-treatment sequence",screened_not_selected,"The prompt names both hierarchical morphology levels and the fabrication family."
22,NiO(22),,2017,very_high,"tube-in-tube NiO nanobelt; one-dimensional framework; electrospinning","How should a NiO lithium-ion anode be architected and processed to accommodate conversion-related volume change while retaining short ion paths, electrical continuity, practical density, and structural stability?","NiO; lithium-ion anode; volume change, transport, conductivity, density, and stability constraints","tube-in-tube and nanobelt target morphology plus electrospinning cue",primary_core10,"The current prompt names the distinctive tube-in-tube architecture."
23,MoSe2(23),,2021,very_high,"polydopamine-derived N-doped carbon-coated MoSe2 nanosheets; coral-like porous microspheres; spray pyrolysis","How should a MoSe2/carbon composite be structured and processed to stabilize fast sodium/potassium storage while retaining conductivity, electrolyte access, practical loading, and scalable particle handling?","MoSe2/carbon; Na/K storage; conductivity, access, loading, stability, and scalability constraints","polydopamine-derived coating, nanosheets, coral-like microspheres, and spray-pyrolysis cues",supplementary_high_risk_candidate,"The current prompt gives precursor, coating, building block, and assembly clues."
24,Cubic nanorooms(24),,2018,very_high,"cubic nanoroom metal-sulfide/carbon microspheres; removable NaCl template; aerosol synthesis","What metal-sulfide/carbon secondary-particle architecture and scalable synthesis strategy would best buffer sodium-driven strain while preserving conductive contact, electrolyte access, active-material fraction, and packing density?","metal sulfide/carbon; sodium-ion anode; strain, transport, utilization, density, and scalability constraints","cubic nanorooms, NaCl template, microspheres, and target aerosol route",supplementary_high_risk_candidate,"The unusual cubic-nanoroom target is explicitly named."
25,Fe2O3(25),,2015,high,"Fe2O3 hollow nanorods and nanospheres; Kirkendall diffusion","What Fe2O3 lithium-ion anode architecture and synthesis strategy would best balance diffusion length, conversion-strain accommodation, electrical continuity, packing density, and mechanical robustness?","Fe2O3; lithium-ion anode; transport, strain, conductivity, density, and robustness constraints","hollow rods/spheres and Kirkendall target-forming mechanism",screened_not_selected,"The morphology alternatives and their formation mechanism are given in advance."
26,Fe3O4(26),,2018,very_high,"multishell Fe3O4 microspheres built from graphitic-carbon-coated hollow nanopowders; spray pyrolysis","How should an Fe3O4/carbon composite anode be hierarchically structured and processed to improve long-cycle lithium storage without excessive transport resistance, inactive mass, or loss of tap density?","Fe3O4/carbon; lithium-ion anode; cycling, transport, inactive mass, density, and scalability constraints","multishell microspheres, hollow nanopowders, graphitic coating, and spray-pyrolysis cues",supplementary_high_risk_candidate,"The present prompt specifies both the building block and multishell assembly."
27,Metal sulfoselenide(27),,2020,high,"metal sulfoselenide solid-solution nanoparticles embedded in hollow carbon nanospheres; hetero-anion engineering","How should a mixed-anion metal-chalcogenide/carbon anode be structured and processed to exploit composition-dependent kinetics while maintaining potassium-storage stability, transport, active-material utilization, and practical density?","mixed-anion metal chalcogenide/carbon; potassium-ion anode; kinetics, stability, transport, utilization, and density constraints","solid-solution nanoparticles, hollow-carbon-nanosphere arrangement, and target assembly cue",supplementary_high_risk_candidate,"The prompt identifies both the composition strategy and target hollow-carbon architecture."
28,SnO2(28),,2018,very_high,"SnO2 transformed into hollow/porous-walled structures; Kirkendall diffusion","How should an SnO2 lithium-ion anode be architected and manufactured to buffer volume change without sacrificing conductivity, ion access, active-material utilization, electrode density, or process reproducibility?","SnO2; lithium-ion anode; expansion, conductivity, access, utilization, density, and reproducibility constraints","hollow/porous walls and Kirkendall target-forming mechanism",supplementary_high_risk_candidate,"The current prompt provides both the target architecture and formation mechanism."
29,a-MnO2(29),,2024,moderate,"explicit list of electrolyte, Zn-counter-electrode, pH, mass-loading, separator, and cell-configuration artifacts","What experimental evaluation strategy would most reliably distinguish intrinsic alpha-MnO2 cathode behavior from cell-level and protocol-dependent artifacts in aqueous zinc-ion batteries?","alpha-MnO2; aqueous ZIB; need to separate intrinsic behavior from confounders","detailed checklist that could pre-structure the eventual diagnostic workflow",primary_core10,"No distinctive material solution is disclosed; this provides a useful lower-risk comparison within Core10."
30,metal selenide(30),,2024,high,"metal-incorporated selenide nanoparticles encapsulated in hollow carbon nanospheres; metal incorporation and carbon encapsulation","How should a metal-modified selenide/carbon sodium-ion anode be designed and processed to balance strain accommodation, sodium accessibility, electrical continuity, active-material fraction, particle uniformity, and scalability?","metal-modified selenide/carbon; sodium-ion anode; strain, transport, utilization, uniformity, and scalability constraints","hollow-carbon-nanosphere encapsulation and target component arrangement",primary_core10,"The material family can be retained, but the target hollow encapsulation architecture should be removed."
