case_id,replicate_id,condition,packet_id,alias,constraint_adherence,cross_perspective_integration,falsifiability_actionability,idea_novelty,mechanistic_originality,physical_plausibility,scientific_correctness,tradeoff_reframing,full_ihq,ihq_without_cpi,validity_composite_descriptive,output_characters
1,1,mpds_deleaked,case_01__rep_01,Candidate A,2,4,1,3,3,2,3,3,13,9,8,4169
1,1,original_prompt_mpds,case_01__rep_01,Candidate B,3,4,2,3,3,3,3,4,14,10,11,5353
1,2,mpds_deleaked,case_01__rep_02,Candidate B,4,3,2,3,3,3,3,3,12,9,12,6343
1,2,original_prompt_mpds,case_01__rep_02,Candidate A,4,3,2,3,3,3,4,3,12,9,13,5290
1,3,mpds_deleaked,case_01__rep_03,Candidate A,1,3,2,3,3,2,2,3,12,9,7,6316
1,3,original_prompt_mpds,case_01__rep_03,Candidate B,4,4,3,3,3,3,3,3,13,9,13,6055
8,1,mpds_deleaked,case_08__rep_01,Candidate B,4,3,2,2,2,3,4,2,9,6,13,5722
8,1,original_prompt_mpds,case_08__rep_01,Candidate A,4,3,2,3,3,3,4,3,12,9,13,5920
8,2,mpds_deleaked,case_08__rep_02,Candidate A,4,2,2,2,2,3,3,2,8,6,12,4708
8,2,original_prompt_mpds,case_08__rep_02,Candidate B,4,4,2,4,3,3,3,4,15,11,12,4822
8,3,mpds_deleaked,case_08__rep_03,Candidate B,4,2,3,2,2,3,4,2,8,6,14,6175
8,3,original_prompt_mpds,case_08__rep_03,Candidate A,4,4,2,3,3,3,4,4,14,10,13,5859
22,1,mpds_deleaked,case_22__rep_01,Candidate A,4,3,2,3,3,3,4,2,11,8,13,4525
22,1,original_prompt_mpds,case_22__rep_01,Candidate B,4,4,3,3,3,3,4,3,13,9,14,6482
22,2,mpds_deleaked,case_22__rep_02,Candidate B,4,4,3,3,3,4,4,3,13,9,15,5451
22,2,original_prompt_mpds,case_22__rep_02,Candidate A,4,3,2,3,3,3,4,3,12,9,13,4939
22,3,mpds_deleaked,case_22__rep_03,Candidate A,4,2,2,2,2,3,3,2,8,6,12,5213
22,3,original_prompt_mpds,case_22__rep_03,Candidate B,4,3,2,3,3,3,3,2,11,8,12,4842
