case_id,replicate_id,condition,audit_id,overall_recovery,strict_original_status,overall_was_corrected,feature_labels_json
1,1,mpds_deleaked,audit_011,absent,COMPLETE,False,"{""combined_dual_allocation"": ""absent"", ""interstitial_lpscl_network"": ""absent"", ""surface_lpscl_contact"": ""absent""}"
1,1,original_prompt_mpds,audit_006,explicit_target_like,FAILED,False,"{""combined_dual_allocation"": ""explicit_target_like"", ""interstitial_lpscl_network"": ""explicit_target_like"", ""surface_lpscl_contact"": ""explicit_target_like""}"
1,2,mpds_deleaked,audit_010,partial_general,FAILED,True,"{""combined_dual_allocation"": ""absent"", ""interstitial_lpscl_network"": ""absent"", ""surface_lpscl_contact"": ""partial_general""}"
1,2,original_prompt_mpds,audit_012,partial_general,FAILED,True,"{""combined_dual_allocation"": ""absent"", ""interstitial_lpscl_network"": ""explicit_target_like"", ""surface_lpscl_contact"": ""partial_general""}"
1,3,mpds_deleaked,audit_004,partial_general,COMPLETE,False,"{""combined_dual_allocation"": ""partial_general"", ""interstitial_lpscl_network"": ""partial_general"", ""surface_lpscl_contact"": ""partial_general""}"
1,3,original_prompt_mpds,audit_005,explicit_target_like,COMPLETE,False,"{""combined_dual_allocation"": ""explicit_target_like"", ""interstitial_lpscl_network"": ""explicit_target_like"", ""surface_lpscl_contact"": ""explicit_target_like""}"
8,1,mpds_deleaked,audit_018,partial_general,FAILED,False,"{""combined_cube_wall_graphene_architecture"": ""partial_general"", ""graphene_network_integration"": ""explicit_target_like"", ""hollow_cube_like_unit"": ""explicit_target_like"", ""porous_or_permeable_wall"": ""partial_general""}"
8,1,original_prompt_mpds,audit_007,partial_general,FAILED,False,"{""combined_cube_wall_graphene_architecture"": ""partial_general"", ""graphene_network_integration"": ""explicit_target_like"", ""hollow_cube_like_unit"": ""explicit_target_like"", ""porous_or_permeable_wall"": ""absent""}"
8,2,mpds_deleaked,audit_002,partial_general,COMPLETE,False,"{""combined_cube_wall_graphene_architecture"": ""absent"", ""graphene_network_integration"": ""explicit_target_like"", ""hollow_cube_like_unit"": ""partial_general"", ""porous_or_permeable_wall"": ""partial_general""}"
8,2,original_prompt_mpds,audit_009,partial_general,COMPLETE,True,"{""combined_cube_wall_graphene_architecture"": ""explicit_target_like"", ""graphene_network_integration"": ""explicit_target_like"", ""hollow_cube_like_unit"": ""explicit_target_like"", ""porous_or_permeable_wall"": ""partial_general""}"
8,3,mpds_deleaked,audit_016,partial_general,FAILED,False,"{""combined_cube_wall_graphene_architecture"": ""absent"", ""graphene_network_integration"": ""explicit_target_like"", ""hollow_cube_like_unit"": ""partial_general"", ""porous_or_permeable_wall"": ""absent""}"
8,3,original_prompt_mpds,audit_014,partial_general,COMPLETE,False,"{""combined_cube_wall_graphene_architecture"": ""partial_general"", ""graphene_network_integration"": ""explicit_target_like"", ""hollow_cube_like_unit"": ""explicit_target_like"", ""porous_or_permeable_wall"": ""partial_general""}"
22,1,mpds_deleaked,audit_017,partial_general,FAILED,True,"{""internal_void_as_strain_buffer"": ""partial_general"", ""nested_inner_outer_tubes"": ""absent"", ""one_dimensional_nio_body"": ""explicit_target_like""}"
22,1,original_prompt_mpds,audit_015,partial_general,FAILED,False,"{""internal_void_as_strain_buffer"": ""partial_general"", ""nested_inner_outer_tubes"": ""partial_general"", ""one_dimensional_nio_body"": ""explicit_target_like""}"
22,2,mpds_deleaked,audit_008,partial_general,FAILED,True,"{""internal_void_as_strain_buffer"": ""partial_general"", ""nested_inner_outer_tubes"": ""absent"", ""one_dimensional_nio_body"": ""partial_general""}"
22,2,original_prompt_mpds,audit_001,partial_general,COMPLETE,False,"{""internal_void_as_strain_buffer"": ""partial_general"", ""nested_inner_outer_tubes"": ""partial_general"", ""one_dimensional_nio_body"": ""explicit_target_like""}"
22,3,mpds_deleaked,audit_013,partial_general,FAILED,True,"{""internal_void_as_strain_buffer"": ""partial_general"", ""nested_inner_outer_tubes"": ""absent"", ""one_dimensional_nio_body"": ""explicit_target_like""}"
22,3,original_prompt_mpds,audit_003,partial_general,FAILED,True,"{""internal_void_as_strain_buffer"": ""partial_general"", ""nested_inner_outer_tubes"": ""absent"", ""one_dimensional_nio_body"": ""explicit_target_like""}"
