case_id,case_folder,system,idea_novelty,mechanistic_originality,tradeoff_reframing,cross_perspective_integration,full_ihq,ihq_without_cpi
1,Glitter-Cake(1),raw,2,2,3,1,8,7
1,Glitter-Cake(1),eo,2,2,3,2,9,7
1,Glitter-Cake(1),eop,3,3,4,4,14,10
1,Glitter-Cake(1),ds,3,3,4,5,15,10
1,Glitter-Cake(1),mpds,3,3,3,4,13,9
2,"Mo,Ni sulfide(2)",raw,3,3,4,3,13,10
2,"Mo,Ni sulfide(2)",eo,2,1,2,3,8,5
2,"Mo,Ni sulfide(2)",eop,3,2,3,3,11,8
2,"Mo,Ni sulfide(2)",ds,2,2,3,4,11,7
2,"Mo,Ni sulfide(2)",mpds,3,3,4,5,15,10
3,NiMoO4(3),raw,3,4,4,4,15,11
3,NiMoO4(3),eo,1,1,2,2,6,4
3,NiMoO4(3),eop,2,1,3,3,9,6
3,NiMoO4(3),ds,3,4,4,4,15,11
3,NiMoO4(3),mpds,3,3,3,4,13,9
4,V2O3(4),raw,2,1,2,2,7,5
4,V2O3(4),eo,2,1,2,0,5,5
4,V2O3(4),eop,2,2,3,3,10,7
4,V2O3(4),ds,3,3,4,5,15,10
4,V2O3(4),mpds,4,4,4,5,17,12
5,FeSe2(5),raw,2,2,3,2,9,7
5,FeSe2(5),eo,1,1,2,1,5,4
5,FeSe2(5),eop,2,1,3,4,10,6
5,FeSe2(5),ds,3,3,3,4,13,9
5,FeSe2(5),mpds,2,2,1,1,6,5
6,VN(6),raw,2,2,3,3,10,7
6,VN(6),eo,2,2,2,0,6,6
6,VN(6),eop,2,2,2,3,9,6
6,VN(6),ds,4,4,5,4,17,13
6,VN(6),mpds,3,3,4,5,15,10
7,Sb+rGO(7),raw,0,1,2,0,3,3
7,Sb+rGO(7),eo,2,2,2,0,6,6
7,Sb+rGO(7),eop,2,1,3,3,9,6
7,Sb+rGO(7),ds,3,3,4,5,15,10
7,Sb+rGO(7),mpds,2,1,2,4,9,5
8,PBA(8),raw,2,2,3,2,9,7
8,PBA(8),eo,0,1,1,2,4,2
8,PBA(8),eop,2,2,3,4,11,7
8,PBA(8),ds,3,3,3,4,13,9
8,PBA(8),mpds,2,2,3,3,10,7
9,Ni-Fe(9),raw,2,1,3,3,9,6
9,Ni-Fe(9),eo,2,1,2,3,8,5
9,Ni-Fe(9),eop,1,1,2,2,6,4
9,Ni-Fe(9),ds,3,4,4,4,15,11
9,Ni-Fe(9),mpds,4,3,5,5,17,12
10,Co3V2O8(10),raw,3,2,3,3,11,8
10,Co3V2O8(10),eo,4,3,4,3,14,11
10,Co3V2O8(10),eop,1,1,3,3,8,5
10,Co3V2O8(10),ds,3,3,3,3,12,9
10,Co3V2O8(10),mpds,4,3,4,4,15,11
11,Nickel vanadate(11),raw,2,2,3,3,10,7
11,Nickel vanadate(11),eo,2,1,2,2,7,5
11,Nickel vanadate(11),eop,2,1,2,3,8,5
11,Nickel vanadate(11),ds,3,3,4,4,14,10
11,Nickel vanadate(11),mpds,3,3,4,4,14,10
12,MnSe@C(12),raw,3,3,3,0,9,9
12,MnSe@C(12),eo,1,1,2,0,4,4
12,MnSe@C(12),eop,3,1,3,4,11,7
12,MnSe@C(12),ds,2,2,3,5,12,7
12,MnSe@C(12),mpds,3,3,3,4,13,9
13,CoSeO3(13),raw,1,1,1,0,3,3
13,CoSeO3(13),eo,1,1,1,0,3,3
13,CoSeO3(13),eop,2,2,2,3,9,6
13,CoSeO3(13),ds,3,2,3,4,12,8
13,CoSeO3(13),mpds,3,3,3,4,13,9
14,Co3O4(14),raw,4,4,3,3,14,11
14,Co3O4(14),eo,3,2,3,3,11,8
14,Co3O4(14),eop,0,2,2,3,7,4
14,Co3O4(14),ds,3,2,3,4,12,8
14,Co3O4(14),mpds,3,3,4,5,15,10
15,Li-Se(15),raw,1,1,1,2,5,3
15,Li-Se(15),eo,0,1,1,0,2,2
15,Li-Se(15),eop,2,2,3,3,10,7
15,Li-Se(15),ds,3,3,3,4,13,9
15,Li-Se(15),mpds,3,3,3,4,13,9
16,N-C Li Se(16),raw,2,2,3,3,10,7
16,N-C Li Se(16),eo,2,2,2,2,8,6
16,N-C Li Se(16),eop,1,1,2,3,7,4
16,N-C Li Se(16),ds,3,3,4,4,14,10
16,N-C Li Se(16),mpds,3,3,3,4,13,9
17,N-C Li Se(17),raw,1,1,3,2,7,5
17,N-C Li Se(17),eo,2,2,2,3,9,6
17,N-C Li Se(17),eop,1,1,2,3,7,4
17,N-C Li Se(17),ds,2,1,1,1,5,4
17,N-C Li Se(17),mpds,3,3,3,4,13,9
18,HC PIB(18),raw,3,3,4,4,14,10
18,HC PIB(18),eo,1,1,1,2,5,3
18,HC PIB(18),eop,2,2,3,3,10,7
18,HC PIB(18),ds,3,3,3,5,14,9
18,HC PIB(18),mpds,4,4,4,5,17,12
19,Fe2O3_Se(19),raw,1,1,3,0,5,5
19,Fe2O3_Se(19),eo,3,2,3,3,11,8
19,Fe2O3_Se(19),eop,2,2,2,3,9,6
19,Fe2O3_Se(19),ds,2,1,2,4,9,5
19,Fe2O3_Se(19),mpds,3,2,4,5,14,9
20,3D Carbon(20),raw,4,4,4,5,17,12
20,3D Carbon(20),eo,1,1,3,0,5,5
20,3D Carbon(20),eop,3,3,3,4,13,9
20,3D Carbon(20),ds,3,3,3,2,11,9
20,3D Carbon(20),mpds,4,4,5,5,18,13
21,SnO2(21),raw,1,1,3,0,5,5
21,SnO2(21),eo,0,1,1,0,2,2
21,SnO2(21),eop,0,1,2,3,6,3
21,SnO2(21),ds,3,2,3,4,12,8
21,SnO2(21),mpds,4,4,4,4,16,12
22,NiO(22),raw,3,3,4,2,12,10
22,NiO(22),eo,2,1,3,0,6,6
22,NiO(22),eop,2,2,2,3,9,6
22,NiO(22),ds,2,1,3,4,10,6
22,NiO(22),mpds,2,1,3,4,10,6
23,MoSe2(23),raw,1,1,1,2,5,3
23,MoSe2(23),eo,2,1,2,0,5,5
23,MoSe2(23),eop,2,2,2,3,9,6
23,MoSe2(23),ds,3,2,1,4,10,6
23,MoSe2(23),mpds,4,4,4,5,17,12
24,Cubic nanorooms(24),raw,2,1,2,0,5,5
24,Cubic nanorooms(24),eo,2,2,3,3,10,7
24,Cubic nanorooms(24),eop,3,2,3,4,12,8
24,Cubic nanorooms(24),ds,3,3,3,4,13,9
24,Cubic nanorooms(24),mpds,3,4,4,4,15,11
25,Fe2O3(25),raw,2,1,2,2,7,5
25,Fe2O3(25),eo,1,1,2,2,6,4
25,Fe2O3(25),eop,0,1,1,2,4,2
25,Fe2O3(25),ds,3,3,4,4,14,10
25,Fe2O3(25),mpds,3,3,4,5,15,10
26,Fe3O4(26),raw,3,3,3,3,12,9
26,Fe3O4(26),eo,2,2,3,3,10,7
26,Fe3O4(26),eop,2,2,3,3,10,7
26,Fe3O4(26),ds,3,3,4,5,15,10
26,Fe3O4(26),mpds,0,1,1,1,3,2
27,Metal sulfoselenide(27),raw,3,3,3,3,12,9
27,Metal sulfoselenide(27),eo,3,3,3,3,12,9
27,Metal sulfoselenide(27),eop,3,1,3,4,11,7
27,Metal sulfoselenide(27),ds,3,3,3,4,13,9
27,Metal sulfoselenide(27),mpds,3,3,3,5,14,9
28,SnO2(28),raw,2,3,3,1,9,8
28,SnO2(28),eo,2,2,3,2,9,7
28,SnO2(28),eop,0,1,2,3,6,3
28,SnO2(28),ds,4,3,4,2,13,11
28,SnO2(28),mpds,2,2,3,4,11,7
29,a-MnO2(29),raw,1,1,2,0,4,4
29,a-MnO2(29),eo,2,2,2,1,7,6
29,a-MnO2(29),eop,1,1,1,2,5,3
29,a-MnO2(29),ds,2,1,3,4,10,6
29,a-MnO2(29),mpds,4,3,4,5,16,11
30,metal selenide(30),raw,2,2,3,2,9,7
30,metal selenide(30),eo,0,1,1,2,4,2
30,metal selenide(30),eop,2,2,3,3,10,7
30,metal selenide(30),ds,3,3,3,4,13,9
30,metal selenide(30),mpds,1,1,2,4,8,4
