case_id,repo_case_slug,case_name,condition,output_file,characters,words,approx_tokens_chars_div_4,citation_occurrences,unique_citation_ids,evidence_entry_count,valid_citation_occurrences,invalid_citation_ids,q1_citations,q2_citations,q3_citations,q4_citations
1,case_01,Glitter-Cake(1),raw,data/outputs/raw_llm/case_01/Raw_LLM_Answer(1).txt,8714,1213,2178,0,0,0,0,,0,0,0,0
1,case_01,Glitter-Cake(1),eo,data/outputs/eo/case_01/EO_Answer(1).txt,5745,825,1436,20,15,972,20,,11,4,4,1
1,case_01,Glitter-Cake(1),eop,data/outputs/eop/case_01/EOP_Answer(1).txt,6987,1016,1747,18,14,972,18,,8,6,4,0
1,case_01,Glitter-Cake(1),ds,data/outputs/ds/case_01/DS_Final_Synthesis(1).txt,10671,1490,2668,73,39,500,44,1002;1021;1039;1149;1945;2021;2022;2023;2024;2756;5897;7111;8670;202200041;202214274;202400985;3206763238;4213280520;4223457561;4323666059;4396675040;4396962225;4401728816,38,0,5,1
1,case_01,Glitter-Cake(1),mpds,data/outputs/mpds/case_01/mpds_final(1).txt,10166,1420,2542,94,44,500,56,1002;1016;1021;1039;1149;1945;2017;2021;2022;2023;2024;5897;7111;8670;1341709;202214274;202400985;202403291;2738153656;3206763238;4210739757;4316135825;4323666059;4396675040;4396962225;4401728816;4402269041,53,0,3,0
2,case_02,"Mo,Ni sulfide(2)",raw,data/outputs/raw_llm/case_02/Raw_LLM_Answer(2).txt,5567,796,1392,0,0,0,0,,0,0,0,0
2,case_02,"Mo,Ni sulfide(2)",eo,data/outputs/eo/case_02/EO_Answer(2).txt,5499,795,1375,43,23,998,43,,18,3,22,0
2,case_02,"Mo,Ni sulfide(2)",eop,data/outputs/eop/case_02/EOP_Answer(2).txt,7549,1092,1887,37,28,998,37,,15,1,20,1
2,case_02,"Mo,Ni sulfide(2)",ds,data/outputs/ds/case_02/DS_Final_Synthesis(2).txt,6913,959,1728,31,12,500,31,,28,3,0,0
2,case_02,"Mo,Ni sulfide(2)",mpds,data/outputs/mpds/case_02/mpds_final(2).txt,8413,1178,2103,30,14,500,30,,26,4,0,0
3,case_03,NiMoO4(3),raw,data/outputs/raw_llm/case_03/Raw_LLM_Answer(3).txt,8535,1215,2134,0,0,0,0,,0,0,0,0
3,case_03,NiMoO4(3),eo,data/outputs/eo/case_03/EO_Answer(3).txt,7618,1113,1904,37,18,832,37,,4,10,23,0
3,case_03,NiMoO4(3),eop,data/outputs/eop/case_03/EOP_Answer(3).txt,3129,671,782,6,5,832,6,,1,0,4,1
3,case_03,NiMoO4(3),ds,data/outputs/ds/case_03/DS_Final_Synthesis(3).txt,7204,1047,1801,49,18,500,49,,30,19,0,0
3,case_03,NiMoO4(3),mpds,data/outputs/mpds/case_03/mpds_final(3).txt,7723,1115,1931,27,18,500,27,,23,4,0,0
4,case_04,V2O3(4),raw,data/outputs/raw_llm/case_04/Raw_LLM_Answer(4).txt,10251,1390,2563,0,0,0,0,,0,0,0,0
4,case_04,V2O3(4),eo,data/outputs/eo/case_04/EO_Answer(4).txt,5514,801,1378,33,23,975,33,,18,0,13,2
4,case_04,V2O3(4),eop,data/outputs/eop/case_04/EOP_Answer(4).txt,4938,721,1234,19,9,975,19,,19,0,0,0
4,case_04,V2O3(4),ds,data/outputs/ds/case_04/DS_Final_Synthesis(4).txt,9161,1293,2290,25,12,500,25,,22,3,0,0
4,case_04,V2O3(4),mpds,data/outputs/mpds/case_04/mpds_final(4).txt,7274,1048,1818,49,21,500,49,,42,6,1,0
5,case_05,FeSe2(5),raw,data/outputs/raw_llm/case_05/Raw_LLM_Answer(5).txt,6830,953,1708,0,0,0,0,,0,0,0,0
5,case_05,FeSe2(5),eo,data/outputs/eo/case_05/EO_Answer(5).txt,5861,848,1465,27,16,841,27,,25,1,1,0
5,case_05,FeSe2(5),eop,data/outputs/eop/case_05/EOP_Answer(5).txt,2889,682,722,12,9,841,12,,9,1,2,0
5,case_05,FeSe2(5),ds,data/outputs/ds/case_05/DS_Final_Synthesis(5).txt,7876,1118,1969,25,12,500,25,,25,0,0,0
5,case_05,FeSe2(5),mpds,data/outputs/mpds/case_05/mpds_final(5).txt,6066,834,1516,21,10,500,21,,18,3,0,0
6,case_06,VN(6),raw,data/outputs/raw_llm/case_06/Raw_LLM_Answer(6).txt,9961,1419,2490,0,0,0,0,,0,0,0,0
6,case_06,VN(6),eo,data/outputs/eo/case_06/EO_Answer(6).txt,4245,615,1061,0,0,991,0,,0,0,0,0
6,case_06,VN(6),eop,data/outputs/eop/case_06/EOP_Answer(6).txt,2644,571,661,14,7,991,14,,14,0,0,0
6,case_06,VN(6),ds,data/outputs/ds/case_06/DS_Final_Synthesis(6).txt,8343,1193,2086,50,21,500,50,,47,3,0,0
6,case_06,VN(6),mpds,data/outputs/mpds/case_06/mpds_final(6).txt,8637,1253,2159,35,11,500,35,,35,0,0,0
7,case_07,Sb+rGO(7),raw,data/outputs/raw_llm/case_07/Raw_LLM_Answer(7).txt,6429,925,1607,0,0,0,0,,0,0,0,0
7,case_07,Sb+rGO(7),eo,data/outputs/eo/case_07/EO_Answer(7).txt,3995,598,999,25,17,999,25,,24,1,0,0
7,case_07,Sb+rGO(7),eop,data/outputs/eop/case_07/EOP_Answer(7).txt,4675,724,1169,23,12,999,23,,23,0,0,0
7,case_07,Sb+rGO(7),ds,data/outputs/ds/case_07/DS_Final_Synthesis(7).txt,8847,1290,2212,40,17,500,40,,34,4,0,2
7,case_07,Sb+rGO(7),mpds,data/outputs/mpds/case_07/mpds_final(7).txt,7985,1146,1996,23,9,500,23,,18,4,1,0
8,case_08,PBA(8),raw,data/outputs/raw_llm/case_08/Raw_LLM_Answer(8).txt,9899,1393,2475,0,0,0,0,,0,0,0,0
8,case_08,PBA(8),eo,data/outputs/eo/case_08/EO_Answer(8).txt,5527,810,1382,25,15,625,25,,4,8,7,6
8,case_08,PBA(8),eop,data/outputs/eop/case_08/EOP_Answer(8).txt,4799,729,1200,12,11,625,12,,5,3,1,3
8,case_08,PBA(8),ds,data/outputs/ds/case_08/DS_Final_Synthesis(8).txt,8959,1313,2240,32,8,500,32,,18,14,0,0
8,case_08,PBA(8),mpds,data/outputs/mpds/case_08/mpds_final(8).txt,7352,1043,1838,19,14,500,19,,14,2,2,1
9,case_09,Ni-Fe(9),raw,data/outputs/raw_llm/case_09/Raw_LLM_Answer(9).txt,8490,1185,2122,0,0,0,0,,0,0,0,0
9,case_09,Ni-Fe(9),eo,data/outputs/eo/case_09/EO_Answer(9).txt,5177,746,1294,27,19,1000,27,,23,4,0,0
9,case_09,Ni-Fe(9),eop,data/outputs/eop/case_09/EOP_Answer(9).txt,3295,731,824,15,10,1000,15,,14,0,1,0
9,case_09,Ni-Fe(9),ds,data/outputs/ds/case_09/DS_Final_Synthesis(9).txt,7757,1110,1939,23,14,500,23,,20,1,1,1
9,case_09,Ni-Fe(9),mpds,data/outputs/mpds/case_09/mpds_final(9).txt,7379,1066,1845,24,16,500,24,,19,5,0,0
10,case_10,Co3V2O8(10),raw,data/outputs/raw_llm/case_10/Raw_LLM_Answer(10).txt,8098,1117,2024,0,0,0,0,,0,0,0,0
10,case_10,Co3V2O8(10),eo,data/outputs/eo/case_10/EO_Answer(10).txt,5340,750,1335,20,11,706,20,,4,8,3,5
10,case_10,Co3V2O8(10),eop,data/outputs/eop/case_10/EOP_Answer(10).txt,2787,621,697,8,7,706,8,,3,2,1,2
10,case_10,Co3V2O8(10),ds,data/outputs/ds/case_10/DS_Final_Synthesis(10).txt,7069,966,1767,33,13,500,33,,20,2,7,4
10,case_10,Co3V2O8(10),mpds,data/outputs/mpds/case_10/mpds_final(10).txt,6781,966,1695,24,12,500,24,,20,1,3,0
11,case_11,Nickel vanadate(11),raw,data/outputs/raw_llm/case_11/Raw_LLM_Answer(11).txt,7899,1117,1975,0,0,0,0,,0,0,0,0
11,case_11,Nickel vanadate(11),eo,data/outputs/eo/case_11/EO_Answer(11).txt,7020,1008,1755,55,31,670,55,,3,35,13,4
11,case_11,Nickel vanadate(11),eop,data/outputs/eop/case_11/EOP_Answer(11).txt,3133,715,783,25,17,670,25,,2,19,3,1
11,case_11,Nickel vanadate(11),ds,data/outputs/ds/case_11/DS_Final_Synthesis(11).txt,7642,1055,1910,47,23,500,47,,39,7,1,0
11,case_11,Nickel vanadate(11),mpds,data/outputs/mpds/case_11/mpds_final(11).txt,8833,1254,2208,31,15,500,31,,28,3,0,0
12,case_12,MnSe@C(12),raw,data/outputs/raw_llm/case_12/Raw_LLM_Answer(12).txt,6582,910,1646,0,0,0,0,,0,0,0,0
12,case_12,MnSe@C(12),eo,data/outputs/eo/case_12/EO_Answer(12).txt,5180,774,1295,31,20,773,31,,3,13,13,2
12,case_12,MnSe@C(12),eop,data/outputs/eop/case_12/EOP_Answer(12).txt,4093,938,1023,10,8,773,10,,0,3,5,2
12,case_12,MnSe@C(12),ds,data/outputs/ds/case_12/DS_Final_Synthesis(12).txt,6367,927,1592,38,22,500,38,,28,10,0,0
12,case_12,MnSe@C(12),mpds,data/outputs/mpds/case_12/mpds_final(12).txt,7003,984,1751,40,18,500,40,,36,4,0,0
13,case_13,CoSeO3(13),raw,data/outputs/raw_llm/case_13/Raw_LLM_Answer(13).txt,8240,1138,2060,0,0,0,0,,0,0,0,0
13,case_13,CoSeO3(13),eo,data/outputs/eo/case_13/EO_Answer(13).txt,6223,882,1556,25,16,569,25,,12,2,8,3
13,case_13,CoSeO3(13),eop,data/outputs/eop/case_13/EOP_Answer(13).txt,4142,874,1036,12,9,569,12,,8,0,3,1
13,case_13,CoSeO3(13),ds,data/outputs/ds/case_13/DS_Final_Synthesis(13).txt,8159,1135,2040,19,11,500,19,,13,0,4,2
13,case_13,CoSeO3(13),mpds,data/outputs/mpds/case_13/mpds_final(13).txt,7501,1079,1875,21,9,500,21,,11,0,4,6
14,case_14,Co3O4(14),raw,data/outputs/raw_llm/case_14/Raw_LLM_Answer(14).txt,6189,853,1547,0,0,0,0,,0,0,0,0
14,case_14,Co3O4(14),eo,data/outputs/eo/case_14/EO_Answer(14).txt,5699,811,1425,34,13,1000,34,,28,3,0,3
14,case_14,Co3O4(14),eop,data/outputs/eop/case_14/EOP_Answer(14).txt,3827,884,957,16,13,1000,16,,11,0,3,2
14,case_14,Co3O4(14),ds,data/outputs/ds/case_14/DS_Final_Synthesis(14).txt,7462,1037,1866,17,8,500,17,,8,0,5,4
14,case_14,Co3O4(14),mpds,data/outputs/mpds/case_14/mpds_final(14).txt,7259,1071,1815,26,8,500,26,,12,0,5,9
15,case_15,Li-Se(15),raw,data/outputs/raw_llm/case_15/Raw_LLM_Answer(15).txt,8493,1218,2123,0,0,0,0,,0,0,0,0
15,case_15,Li-Se(15),eo,data/outputs/eo/case_15/EO_Answer(15).txt,5998,837,1500,51,26,993,51,,14,1,36,0
15,case_15,Li-Se(15),eop,data/outputs/eop/case_15/EOP_Answer(15).txt,5630,821,1408,21,13,993,21,,4,2,15,0
15,case_15,Li-Se(15),ds,data/outputs/ds/case_15/DS_Final_Synthesis(15).txt,8639,1227,2160,43,17,500,43,,42,0,0,1
15,case_15,Li-Se(15),mpds,data/outputs/mpds/case_15/mpds_final(15).txt,7212,1060,1803,34,13,500,34,,34,0,0,0
16,case_16,N-C Li Se(16),raw,data/outputs/raw_llm/case_16/Raw_LLM_Answer(16).txt,8922,1246,2230,0,0,0,0,,0,0,0,0
16,case_16,N-C Li Se(16),eo,data/outputs/eo/case_16/EO_Answer(16).txt,6240,901,1560,28,17,994,28,,28,0,0,0
16,case_16,N-C Li Se(16),eop,data/outputs/eop/case_16/EOP_Answer(16).txt,4949,745,1237,19,10,994,19,,19,0,0,0
16,case_16,N-C Li Se(16),ds,data/outputs/ds/case_16/DS_Final_Synthesis(16).txt,8466,1216,2116,41,14,500,41,,33,8,0,0
16,case_16,N-C Li Se(16),mpds,data/outputs/mpds/case_16/mpds_final(16).txt,8594,1182,2148,20,11,500,20,,18,2,0,0
17,case_17,N-C Li Se(17),raw,data/outputs/raw_llm/case_17/Raw_LLM_Answer(17).txt,10581,1426,2645,0,0,0,0,,0,0,0,0
17,case_17,N-C Li Se(17),eo,data/outputs/eo/case_17/EO_Answer(17).txt,7208,1014,1802,54,37,997,54,,20,13,21,0
17,case_17,N-C Li Se(17),eop,data/outputs/eop/case_17/EOP_Answer(17).txt,5937,866,1484,28,20,997,28,,19,3,6,0
17,case_17,N-C Li Se(17),ds,data/outputs/ds/case_17/DS_Final_Synthesis(17).txt,8177,1168,2044,37,14,500,37,,13,11,4,9
17,case_17,N-C Li Se(17),mpds,data/outputs/mpds/case_17/mpds_final(17).txt,7136,1026,1784,37,17,500,37,,21,9,5,2
18,case_18,HC PIB(18),raw,data/outputs/raw_llm/case_18/Raw_LLM_Answer(18).txt,8482,1204,2120,0,0,0,0,,0,0,0,0
18,case_18,HC PIB(18),eo,data/outputs/eo/case_18/EO_Answer(18).txt,6160,914,1540,74,59,999,74,,38,24,9,3
18,case_18,HC PIB(18),eop,data/outputs/eop/case_18/EOP_Answer(18).txt,7563,1108,1891,30,29,999,30,,18,3,8,1
18,case_18,HC PIB(18),ds,data/outputs/ds/case_18/DS_Final_Synthesis(18).txt,7085,1018,1771,10,10,500,10,,6,2,0,2
18,case_18,HC PIB(18),mpds,data/outputs/mpds/case_18/mpds_final(18).txt,9014,1266,2254,33,20,500,33,,28,3,0,2
19,case_19,Fe2O3_Se(19),raw,data/outputs/raw_llm/case_19/Raw_LLM_Answer(19).txt,8490,1282,2122,0,0,0,0,,0,0,0,0
19,case_19,Fe2O3_Se(19),eo,data/outputs/eo/case_19/EO_Answer(19).txt,9289,1324,2322,51,28,996,51,,26,14,7,4
19,case_19,Fe2O3_Se(19),eop,data/outputs/eop/case_19/EOP_Answer(19).txt,4988,747,1247,22,18,996,22,,13,6,2,1
19,case_19,Fe2O3_Se(19),ds,data/outputs/ds/case_19/DS_Final_Synthesis(19).txt,7157,1039,1789,27,13,500,27,,10,6,3,8
19,case_19,Fe2O3_Se(19),mpds,data/outputs/mpds/case_19/mpds_final(19).txt,8456,1198,2114,48,17,500,48,,26,10,3,9
20,case_20,3D Carbon(20),raw,data/outputs/raw_llm/case_20/Raw_LLM_Answer(20).txt,9862,1381,2466,0,0,0,0,,0,0,0,0
20,case_20,3D Carbon(20),eo,data/outputs/eo/case_20/EO_Answer(20).txt,6154,905,1538,58,43,996,58,,34,5,10,9
20,case_20,3D Carbon(20),eop,data/outputs/eop/case_20/EOP_Answer(20).txt,3573,532,893,20,15,996,20,,9,2,4,5
20,case_20,3D Carbon(20),ds,data/outputs/ds/case_20/DS_Final_Synthesis(20).txt,8271,1174,2068,33,18,500,33,,23,3,1,6
20,case_20,3D Carbon(20),mpds,data/outputs/mpds/case_20/mpds_final(20).txt,8643,1239,2161,36,18,500,36,,29,1,4,2
21,case_21,SnO2(21),raw,data/outputs/raw_llm/case_21/Raw_LLM_Answer(21).txt,8203,1181,2051,0,0,0,0,,0,0,0,0
21,case_21,SnO2(21),eo,data/outputs/eo/case_21/EO_Answer(21).txt,4306,627,1076,26,13,1000,26,,6,1,14,5
21,case_21,SnO2(21),eop,data/outputs/eop/case_21/EOP_Answer(21).txt,6344,894,1586,0,0,1000,0,,0,0,0,0
21,case_21,SnO2(21),ds,data/outputs/ds/case_21/DS_Final_Synthesis(21).txt,7285,1010,1821,32,16,500,32,,24,2,2,4
21,case_21,SnO2(21),mpds,data/outputs/mpds/case_21/mpds_final(21).txt,7580,1075,1895,34,20,500,34,,24,1,5,4
22,case_22,NiO(22),raw,data/outputs/raw_llm/case_22/Raw_LLM_Answer(22).txt,7884,1123,1971,0,0,0,0,,0,0,0,0
22,case_22,NiO(22),eo,data/outputs/eo/case_22/EO_Answer(22).txt,4130,623,1032,10,9,1000,10,,4,1,3,2
22,case_22,NiO(22),eop,data/outputs/eop/case_22/EOP_Answer(22).txt,4003,580,1001,10,7,1000,10,,8,2,0,0
22,case_22,NiO(22),ds,data/outputs/ds/case_22/DS_Final_Synthesis(22).txt,7082,1017,1770,23,11,500,23,,13,3,4,3
22,case_22,NiO(22),mpds,data/outputs/mpds/case_22/mpds_final(22).txt,7198,1038,1800,25,9,500,25,,21,0,4,0
23,case_23,MoSe2(23),raw,data/outputs/raw_llm/case_23/Raw_LLM_Answer(23).txt,10089,1478,2522,0,0,0,0,,0,0,0,0
23,case_23,MoSe2(23),eo,data/outputs/eo/case_23/EO_Answer(23).txt,5612,823,1403,25,19,1000,25,,22,1,2,0
23,case_23,MoSe2(23),eop,data/outputs/eop/case_23/EOP_Answer(23).txt,4851,700,1213,19,17,1000,19,,13,3,3,0
23,case_23,MoSe2(23),ds,data/outputs/ds/case_23/DS_Final_Synthesis(23).txt,9121,1284,2280,63,36,500,45,0;939;1002;1016;1038;1039;2012;2016;2019;2021;22432;151122;2159966546;2289899172;2982531609;3198752199,44,1,0,0
23,case_23,MoSe2(23),mpds,data/outputs/mpds/case_23/mpds_final(23).txt,8664,1250,2166,22,10,500,22,,16,3,0,3
24,case_24,Cubic nanorooms(24),raw,data/outputs/raw_llm/case_24/Raw_LLM_Answer(24).txt,8331,1164,2083,0,0,0,0,,0,0,0,0
24,case_24,Cubic nanorooms(24),eo,data/outputs/eo/case_24/EO_Answer(24).txt,6914,993,1728,39,22,997,39,,35,2,2,0
24,case_24,Cubic nanorooms(24),eop,data/outputs/eop/case_24/EOP_Answer(24).txt,5323,796,1331,27,14,997,27,,27,0,0,0
24,case_24,Cubic nanorooms(24),ds,data/outputs/ds/case_24/DS_Final_Synthesis(24).txt,8682,1224,2170,64,32,500,48,1002;1021;2017;2176;13239;201702046;201703390;2612400668;2744410694;2753090655;2766997131,33,5,7,3
24,case_24,Cubic nanorooms(24),mpds,data/outputs/mpds/case_24/mpds_final(24).txt,7427,1054,1857,30,17,500,30,,15,5,6,4
25,case_25,Fe2O3(25),raw,data/outputs/raw_llm/case_25/Raw_LLM_Answer(25).txt,9173,1257,2293,0,0,0,0,,0,0,0,0
25,case_25,Fe2O3(25),eo,data/outputs/eo/case_25/EO_Answer(25).txt,5544,816,1386,37,18,962,37,,21,0,16,0
25,case_25,Fe2O3(25),eop,data/outputs/eop/case_25/EOP_Answer(25).txt,4949,714,1237,20,13,962,20,,10,0,10,0
25,case_25,Fe2O3(25),ds,data/outputs/ds/case_25/DS_Final_Synthesis(25).txt,11371,1603,2843,93,40,500,58,1002;1021;1039;1391;2012;2013;2015;4891;5930;11900;307475;401727;201500940;201503897;2055984547;2073699590;2112649516;2125128497;2135167385;2152043273;2327213698;2328939392;2473057048,58,0,0,0
25,case_25,Fe2O3(25),mpds,data/outputs/mpds/case_25/mpds_final(25).txt,6313,898,1578,15,10,500,15,,15,0,0,0
26,case_26,Fe3O4(26),raw,data/outputs/raw_llm/case_26/Raw_LLM_Answer(26).txt,8058,1107,2014,0,0,0,0,,0,0,0,0
26,case_26,Fe3O4(26),eo,data/outputs/eo/case_26/EO_Answer(26).txt,6584,975,1646,40,23,986,40,,20,4,15,1
26,case_26,Fe3O4(26),eop,data/outputs/eop/case_26/EOP_Answer(26).txt,6904,1014,1726,23,17,986,23,,11,3,6,3
26,case_26,Fe3O4(26),ds,data/outputs/ds/case_26/DS_Final_Synthesis(26).txt,9934,1429,2484,82,36,500,58,760;1002;1021;1039;1152;1251;2014;2015;2017;6321;11900;201403060;2048866912;2055984547;2063910276;2143904353;2324043562;2601693292,55,0,0,3
26,case_26,Fe3O4(26),mpds,data/outputs/mpds/case_26/mpds_final(26).txt,7261,1028,1815,26,13,500,26,,25,0,1,0
27,case_27,Metal sulfoselenide(27),raw,data/outputs/raw_llm/case_27/Raw_LLM_Answer(27).txt,5984,878,1496,0,0,0,0,,0,0,0,0
27,case_27,Metal sulfoselenide(27),eo,data/outputs/eo/case_27/EO_Answer(27).txt,6116,875,1529,19,9,525,19,,11,2,1,5
27,case_27,Metal sulfoselenide(27),eop,data/outputs/eop/case_27/EOP_Answer(27).txt,6205,891,1551,15,10,525,15,,12,2,1,0
27,case_27,Metal sulfoselenide(27),ds,data/outputs/ds/case_27/DS_Final_Synthesis(27).txt,9088,1286,2272,55,26,500,34,0;1002;1021;1548;2018;2019;2020;5865;201701604;201900228;202000550;2790163454;2795662738;2920810206;2975372627;3112243645,34,0,0,0
27,case_27,Metal sulfoselenide(27),mpds,data/outputs/mpds/case_27/mpds_final(27).txt,7627,1119,1907,17,4,500,17,,17,0,0,0
28,case_28,SnO2(28),raw,data/outputs/raw_llm/case_28/Raw_LLM_Answer(28).txt,9471,1345,2368,0,0,0,0,,0,0,0,0
28,case_28,SnO2(28),eo,data/outputs/eo/case_28/EO_Answer(28).txt,5160,751,1290,43,26,1000,43,,33,0,3,7
28,case_28,SnO2(28),eop,data/outputs/eop/case_28/EOP_Answer(28).txt,5145,763,1286,25,14,1000,25,,22,0,2,1
28,case_28,SnO2(28),ds,data/outputs/ds/case_28/DS_Final_Synthesis(28).txt,7587,1065,1897,52,26,500,40,1021;1039;1391;2015;2016;2018;7981;10278;2073699590;2415921278;2883427848,38,2,0,0
28,case_28,SnO2(28),mpds,data/outputs/mpds/case_28/mpds_final(28).txt,7744,1077,1936,37,17,500,37,,28,4,4,1
29,case_29,a-MnO2(29),raw,data/outputs/raw_llm/case_29/Raw_LLM_Answer(29).txt,9516,1323,2379,0,0,0,0,,0,0,0,0
29,case_29,a-MnO2(29),eo,data/outputs/eo/case_29/EO_Answer(29).txt,7780,1115,1945,48,38,991,48,,30,7,10,1
29,case_29,a-MnO2(29),eop,data/outputs/eop/case_29/EOP_Answer(29).txt,7435,1116,1859,23,18,991,23,,19,0,4,0
29,case_29,a-MnO2(29),ds,data/outputs/ds/case_29/DS_Final_Synthesis(29).txt,9392,1296,2348,39,27,500,22,1002;1149;1945;2016;2020;2021;2022;7111;201600702;202102780;202202419;2521787484;3004258213;4200608542;4292261050,22,0,0,0
29,case_29,a-MnO2(29),mpds,data/outputs/mpds/case_29/mpds_final(29).txt,11150,1636,2788,87,43,500,66,1002;1021;1038;2020;2021;2022;2024;2853;11743;15478;41467;202101649;202218343;3014653430;3180805188;4210412662;4312114827;4390936077,60,4,1,1
30,case_30,metal selenide(30),raw,data/outputs/raw_llm/case_30/Raw_LLM_Answer(30).txt,7507,1070,1877,0,0,0,0,,0,0,0,0
30,case_30,metal selenide(30),eo,data/outputs/eo/case_30/EO_Answer(30).txt,4945,685,1236,43,30,994,43,,14,2,27,0
30,case_30,metal selenide(30),eop,data/outputs/eop/case_30/EOP_Answer(30).txt,5598,808,1400,32,18,994,32,,11,3,18,0
30,case_30,metal selenide(30),ds,data/outputs/ds/case_30/DS_Final_Synthesis(30).txt,7577,1063,1894,76,39,500,55,0;1002;1021;1039;2018;2020;2021;2022;3277;5789;21934;201707573;202107258;2790549514;3094993483;4206622621;4206679760;4211229898,46,7,0,2
30,case_30,metal selenide(30),mpds,data/outputs/mpds/case_30/mpds_final(30).txt,11138,1598,2784,86,42,500,50,1002;1021;2015;2018;2019;2021;2022;2024;21934;201503015;201802745;201901995;202005745;202101887;202202582;202405642;202406915;2166213662;2883071941;2955087973;3128416895;3200784814;4206679760;4283014974;4399888213;4401038367,49,0,1,0
