run_id,kind,case_id,replicate_id,status,successful_calls,failed_calls,archived_failed_attempts,archived_successful_calls,archived_failed_calls,validation_regeneration_calls,input_tokens,output_tokens,thinking_tokens,archived_input_tokens,archived_output_tokens,runtime_seconds,final_characters,final_sha256
q4_breadth_case_01__mpds__rep_01,breadth,1,1,COMPLETE,14,0,0,0,0,5,1953439,20656,35450,0,0,1084.63457,10221,5cbb8ad675e05da91fee059d67a3a2b44cc91305509696d76b28ba8360741dc2
q4_breadth_case_02__mpds__rep_01,breadth,2,1,COMPLETE,13,1,0,0,0,4,1500584,22557,34306,0,0,810.056703,10736,4afa3af6c45d8d91799928ce6a971d8c57482e722b5f9add7003954c7fee42c4
q4_breadth_case_03__mpds__rep_01,breadth,3,1,COMPLETE,11,0,0,0,0,2,1173316,17106,28261,0,0,587.691059,13309,5cc3dfbfb612d69fc419c7aca3b192007ea0d716d824b0f7add8faef780e861a
q4_breadth_case_04__mpds__rep_01,breadth,4,1,COMPLETE,9,0,0,0,0,0,1095145,15835,23400,0,0,579.490992,11031,a1b78ee3635e2131f7ae237f379e71b4cc1efb8c14d8aae660d8c60880786566
q4_breadth_case_05__mpds__rep_01,breadth,5,1,COMPLETE,9,0,0,0,0,0,1094478,15632,23317,0,0,660.879857,10727,822ec23d813917a64afb546ae233cf61287d2384b650edb8bbb2e9987c01365e
q4_breadth_case_06__mpds__rep_01,breadth,6,1,COMPLETE,9,0,0,0,0,0,1125209,14076,24338,0,0,653.426018,10123,ee39c3581917cb78521be6bf8f75d7cfb1f8fda3dfd56e107a9c3ce1725b2762
q4_breadth_case_07__mpds__rep_01,breadth,7,1,COMPLETE,10,1,0,0,0,1,1112813,17280,27630,0,0,618.671479,11484,a260ceb5dcb4b568e9c52943bd63b5486c88a97f765b57fba8e3b523ac449323
q4_breadth_case_08__mpds__rep_01,breadth,8,1,COMPLETE,9,0,0,0,0,0,1109668,16884,24629,0,0,589.197513,12485,9cbd3929ced38abf64d77c2027051d33d31d026cc07f374545dac1b10dc717ca
q4_integrated_case_01__mpds__rep_01,integrated,1,1,COMPLETE,9,4,0,0,0,0,637254,15838,21492,0,0,637.395081,12585,3f5faa156e4c259eb98add44451f8c3f6c2ce68cce8ca77873358b88152deb31
q4_integrated_case_01__mpds__rep_02,integrated,1,2,COMPLETE,9,0,0,0,0,0,636847,15823,22527,0,0,598.08065,11041,d21ea8cc620af2f5d789d2d7c4ebbd7f7993a26834bb84f07b4fd07213b39d6c
q4_integrated_case_01__mpds__rep_03,integrated,1,3,COMPLETE,9,0,0,0,0,0,633284,13905,21526,0,0,485.706728,12040,aea27bf504f9bacd6148035f82a0d6b0985d8772af55e25ce32fea85c73cc030
